PersonId,Skill,Level,Preferred,Development
1,ACQ,0,0,0
1,LEA,2,1,1
1,PER,0,0,0
1,PI,3,1,1
1,PJM,3,1,1
1,REQ,2,1,0
1,SWE,0,0,0
1,TES,1,0,0
2,ACQ,0,0,0
2,LEA,0,0,0
2,PER,0,0,0
2,PI,0,0,0
2,PJM,0,0,0
2,REQ,0,0,0
2,SWE,0,0,0
2,TES,0,0,0
3,ACQ,0,0,0
3,LEA,0,0,0
3,PER,0,0,0
3,PI,0,0,0
3,PJM,0,0,0
3,REQ,0,0,0
3,SWE,3,1,0
3,TES,1,0,0
4,ACQ,0,0,0
4,LEA,0,0,0
4,PER,0,0,0
4,PI,2,0,0
4,PJM,3,0,0
4,REQ,2,0,0
4,SWE,3,0,0
4,TES,4,1,0
5,ACQ,1,0,0
5,LEA,2,0,0
5,PER,3,0,0
5,PI,1,0,0
5,PJM,3,0,0
5,REQ,3,1,0
5,SWE,3,0,0
5,TES,2,0,0
6,ACQ,3,0,0
6,LEA,3,0,0
6,PER,4,0,0
6,PI,4,1,0
6,PJM,3,0,0
6,REQ,3,0,0
6,SWE,1,0,0
6,TES,1,0,0
7,ACQ,2,0,0
7,LEA,3,0,0
7,PER,4,1,0
7,PI,4,1,0
7,PJM,3,0,0
7,REQ,4,1,0
7,SWE,2,0,0
7,TES,2,0,0
8,ACQ,3,0,0
8,LEA,3,0,0
8,PER,3,0,0
8,PI,4,1,0
8,PJM,3,0,0
8,REQ,2,0,0
8,SWE,1,0,0
8,TES,1,0,0
9,ACQ,0,0,0
9,LEA,0,0,0
9,PER,0,0,0
9,PI,0,0,0
9,PJM,0,0,0
9,REQ,0,0,0
9,SWE,0,0,0
9,TES,0,0,0
10,ACQ,2,0,0
10,LEA,3,0,0
10,PER,2,0,0
10,PI,2,1,0
10,PJM,3,0,0
10,REQ,1,0,0
10,SWE,1,0,0
10,TES,3,0,0
11,ACQ,0,0,0
11,LEA,0,0,0
11,PER,0,0,0
11,PI,0,0,0
11,PJM,0,0,0
11,REQ,0,0,0
11,SWE,0,0,0
11,TES,0,0,0
12,ACQ,1,0,0
12,LEA,0,0,0
12,PER,1,0,0
12,PI,1,0,0
12,PJM,1,0,0
12,REQ,2,0,0
12,SWE,3,0,0
12,TES,1,0,0
13,ACQ,3,1,0
13,LEA,3,1,0
13,PER,3,1,0
13,PI,3,1,0
13,PJM,3,0,0
13,REQ,3,0,0
13,SWE,4,0,0
13,TES,2,0,0
14,ACQ,0,0,0
14,LEA,1,0,0
14,PER,0,0,0
14,PI,1,0,0
14,PJM,1,0,0
14,REQ,2,0,0
14,SWE,2,0,0
14,TES,3,1,0
15,ACQ,0,0,0
15,LEA,0,0,0
15,PER,0,0,0
15,PI,0,0,0
15,PJM,0,0,0
15,REQ,0,0,0
15,SWE,0,0,0
15,TES,0,0,0
16,ACQ,0,0,0
16,LEA,0,0,0
16,PER,0,0,0
16,PI,0,0,0
16,PJM,0,0,0
16,REQ,0,0,0
16,SWE,0,0,0
16,TES,0,0,0
17,ACQ,2,1,0
17,LEA,2,1,0
17,PER,3,1,0
17,PI,2,1,0
17,PJM,3,1,0
17,REQ,3,0,0
17,SWE,2,0,0
17,TES,2,0,0
18,ACQ,1,0,0
18,LEA,1,1,0
18,PER,2,1,0
18,PI,1,1,0
18,PJM,2,1,0
18,REQ,3,1,0
18,SWE,2,0,0
18,TES,2,0,0
19,ACQ,1,0,0
19,LEA,2,0,0
19,PER,2,0,0
19,PI,1,0,0
19,PJM,3,1,0
19,REQ,2,0,0
19,SWE,3,0,0
19,TES,2,0,0
20,ACQ,2,0,0
20,LEA,4,0,0
20,PER,2,0,0
20,PI,2,1,0
20,PJM,3,0,0
20,REQ,4,0,0
20,SWE,3,0,0
20,TES,1,0,0
21,ACQ,3,1,0
21,LEA,3,1,0
21,PER,2,1,0
21,PI,2,0,0
21,PJM,4,1,0
21,REQ,2,0,0
21,SWE,2,0,0
21,TES,2,0,0
22,ACQ,3,0,0
22,LEA,3,0,0
22,PER,3,0,0
22,PI,3,1,1
22,PJM,3,1,0
22,REQ,2,0,0
22,SWE,1,0,0
22,TES,2,0,0
23,ACQ,1,0,0
23,LEA,2,0,0
23,PER,3,0,0
23,PI,2,0,1
23,PJM,2,0,0
23,REQ,4,1,0
23,SWE,2,0,0
23,TES,3,0,0
25,ACQ,1,0,0
25,LEA,2,0,0
25,PER,3,0,0
25,PI,3,0,1
25,PJM,4,1,1
25,REQ,3,1,0
25,SWE,3,0,0
25,TES,2,0,0
26,ACQ,0,0,0
26,LEA,1,0,0
26,PER,0,0,0
26,PI,1,0,0
26,PJM,1,1,0
26,REQ,3,1,0
26,SWE,2,0,0
26,TES,3,0,0
27,ACQ,1,0,0
27,LEA,2,0,0
27,PER,0,0,0
27,PI,1,0,0
27,PJM,3,1,0
27,REQ,3,0,0
27,SWE,2,0,0
27,TES,1,0,0
28,ACQ,1,0,0
28,LEA,2,0,0
28,PER,2,0,0
28,PI,4,1,1
28,PJM,2,0,0
28,REQ,4,1,0
28,SWE,2,0,0
28,TES,3,0,0
29,ACQ,0,0,0
29,LEA,0,0,0
29,PER,0,0,0
29,PI,0,0,0
29,PJM,0,0,0
29,REQ,0,0,0
29,SWE,0,0,0
29,TES,0,0,0
30,ACQ,0,0,0
30,LEA,0,0,0
30,PER,0,0,0
30,PI,0,0,0
30,PJM,1,0,0
30,REQ,1,1,0
30,SWE,2,0,0
30,TES,3,1,0
31,ACQ,0,0,0
31,LEA,0,0,0
31,PER,0,0,0
31,PI,3,1,0
31,PJM,4,0,0
31,REQ,3,0,0
31,SWE,2,0,0
31,TES,2,0,0
32,ACQ,1,0,0
32,LEA,0,0,0
32,PER,1,0,0
32,PI,3,1,0
32,PJM,2,0,0
32,REQ,2,0,0
32,SWE,3,0,0
32,TES,0,0,0
33,ACQ,0,0,0
33,LEA,1,0,0
33,PER,2,0,0
33,PI,1,0,0
33,PJM,1,0,0
33,REQ,2,0,0
33,SWE,3,1,0
33,TES,2,0,0
34,ACQ,0,0,0
34,LEA,0,0,0
34,PER,0,0,0
34,PI,0,0,0
34,PJM,0,0,0
34,REQ,0,0,0
34,SWE,0,0,0
34,TES,0,0,0
35,ACQ,0,0,0
35,LEA,0,0,0
35,PER,0,0,0
35,PI,0,0,0
35,PJM,0,0,0
35,REQ,0,0,0
35,SWE,0,0,0
35,TES,0,0,0
36,ACQ,1,0,0
36,LEA,2,0,0
36,PER,2,0,0
36,PI,1,0,0
36,PJM,3,1,0
36,REQ,2,0,0
36,SWE,3,0,0
36,TES,2,0,0
37,ACQ,2,0,0
37,LEA,3,0,0
37,PER,3,0,0
37,PI,3,0,0
37,PJM,3,0,0
37,REQ,2,0,0
37,SWE,3,0,0
37,TES,3,0,0
38,ACQ,1,0,0
38,LEA,3,1,0
38,PER,3,0,0
38,PI,2,0,0
38,PJM,3,1,0
38,REQ,3,1,0
38,SWE,3,0,0
38,TES,3,0,0
39,ACQ,0,0,0
39,LEA,0,0,0
39,PER,0,0,0
39,PI,0,0,0
39,PJM,0,0,0
39,REQ,1,0,0
39,SWE,4,1,0
39,TES,2,0,0
40,ACQ,0,0,0
40,LEA,0,0,0
40,PER,0,0,0
40,PI,0,0,0
40,PJM,0,0,0
40,REQ,0,0,0
40,SWE,0,0,0
40,TES,0,0,0
41,ACQ,0,0,0
41,LEA,0,0,0
41,PER,0,0,0
41,PI,0,0,0
41,PJM,0,0,0
41,REQ,0,0,0
41,SWE,0,0,0
41,TES,0,0,0
42,ACQ,0,0,0
42,LEA,0,0,0
42,PER,1,0,0
42,PI,0,0,0
42,PJM,1,0,0
42,REQ,2,0,0
42,SWE,3,1,0
42,TES,2,0,0
43,ACQ,4,0,0
43,LEA,4,1,0
43,PER,4,0,0
43,PI,4,0,0
43,PJM,4,0,0
43,REQ,2,0,0
43,SWE,1,0,0
43,TES,1,0,0
44,ACQ,0,0,0
44,LEA,0,0,0
44,PER,0,0,0
44,PI,0,0,0
44,PJM,0,0,0
44,REQ,0,0,0
44,SWE,0,0,0
44,TES,0,0,0
45,ACQ,2,0,0
45,LEA,2,0,0
45,PER,4,1,0
45,PI,4,0,0
45,PJM,4,0,0
45,REQ,3,0,0
45,SWE,2,0,0
45,TES,3,0,0
46,ACQ,0,0,0
46,LEA,0,0,0
46,PER,0,0,0
46,PI,0,0,0
46,PJM,0,0,0
46,REQ,0,0,0
46,SWE,0,0,0
46,TES,0,0,0
47,ACQ,0,0,0
47,LEA,2,0,0
47,PER,2,0,0
47,PI,1,0,0
47,PJM,2,1,0
47,REQ,2,1,0
47,SWE,4,1,0
47,TES,2,0,0
48,ACQ,1,0,0
48,LEA,2,0,0
48,PER,4,0,0
48,PI,2,1,0
48,PJM,4,0,0
48,REQ,3,0,0
48,SWE,1,0,0
48,TES,2,0,0
49,ACQ,2,1,0
49,LEA,2,1,0
49,PER,2,1,0
49,PI,1,1,0
49,PJM,3,1,0
49,REQ,3,0,0
49,SWE,4,0,0
49,TES,1,0,0
50,ACQ,2,0,0
50,LEA,2,0,0
50,PER,2,0,0
50,PI,1,0,0
50,PJM,2,1,1
50,REQ,2,1,0
50,SWE,4,1,0
50,TES,1,0,0
51,ACQ,4,1,0
51,LEA,4,1,0
51,PER,3,0,0
51,PI,3,1,0
51,PJM,3,1,0
51,REQ,4,0,0
51,SWE,1,0,0
51,TES,2,0,0
52,ACQ,2,0,1
52,LEA,2,0,1
52,PER,2,0,0
52,PI,2,1,1
52,PJM,2,1,0
52,REQ,3,1,0
52,SWE,4,1,1
52,TES,2,0,0
53,ACQ,3,0,0
53,LEA,2,0,0
53,PER,2,0,0
53,PI,1,0,0
53,PJM,4,1,0
53,REQ,1,0,0
53,SWE,2,0,0
53,TES,1,0,0
54,ACQ,1,0,0
54,LEA,3,1,1
54,PER,2,1,1
54,PI,1,0,0
54,PJM,2,0,0
54,REQ,3,1,0
54,SWE,4,1,1
54,TES,2,0,0
55,ACQ,0,0,0
55,LEA,0,0,0
55,PER,0,0,0
55,PI,0,0,0
55,PJM,0,0,0
55,REQ,1,0,0
55,SWE,3,0,0
55,TES,1,0,0
56,ACQ,0,0,0
56,LEA,0,0,0
56,PER,0,0,0
56,PI,0,0,0
56,PJM,1,0,0
56,REQ,1,0,0
56,SWE,3,1,0
56,TES,2,0,0
57,ACQ,1,0,0
57,LEA,3,1,1
57,PER,2,1,1
57,PI,1,0,0
57,PJM,2,1,0
57,REQ,2,0,0
57,SWE,3,0,0
57,TES,2,0,0
58,ACQ,0,1,0
58,LEA,2,1,0
58,PER,0,1,0
58,PI,0,1,0
58,PJM,0,1,0
58,REQ,0,1,0
58,SWE,3,1,0
58,TES,3,1,0
59,ACQ,1,0,0
59,LEA,2,0,0
59,PER,0,0,0
59,PI,2,0,0
59,PJM,2,0,0
59,REQ,2,1,0
59,SWE,3,0,0
59,TES,2,0,0
60,ACQ,0,0,0
60,LEA,0,0,0
60,PER,0,0,0
60,PI,0,0,0
60,PJM,2,0,0
60,REQ,0,0,0
60,SWE,1,0,0
60,TES,0,0,0
61,ACQ,1,0,0
61,LEA,2,0,0
61,PER,2,0,0
61,PI,1,0,0
61,PJM,2,0,0
61,REQ,3,0,0
61,SWE,2,0,0
61,TES,2,0,0
62,ACQ,1,0,0
62,LEA,2,0,0
62,PER,2,0,0
62,PI,0,0,0
62,PJM,0,0,0
62,REQ,0,0,0
62,SWE,3,0,0
62,TES,1,0,0
63,ACQ,1,0,0
63,LEA,2,0,0
63,PER,1,0,0
63,PI,2,0,0
63,PJM,3,0,0
63,REQ,3,1,0
63,SWE,1,0,0
63,TES,2,0,0
64,ACQ,1,0,0
64,LEA,1,1,0
64,PER,2,1,0
64,PI,1,0,0
64,PJM,2,1,1
64,REQ,2,0,0
64,SWE,3,0,0
64,TES,1,0,0
65,ACQ,1,0,0
65,LEA,1,0,0
65,PER,1,0,0
65,PI,3,0,1
65,PJM,2,0,0
65,REQ,4,1,0
65,SWE,2,0,0
65,TES,2,0,0
66,ACQ,0,0,0
66,LEA,0,0,0
66,PER,0,0,0
66,PI,0,0,0
66,PJM,0,0,0
66,REQ,0,0,0
66,SWE,0,0,0
66,TES,0,0,0
67,ACQ,0,0,0
67,LEA,0,0,0
67,PER,0,0,0
67,PI,1,0,0
67,PJM,3,0,0
67,REQ,2,0,0
67,SWE,1,0,0
67,TES,1,0,0
69,ACQ,1,0,0
69,LEA,3,1,1
69,PER,2,1,1
69,PI,1,0,0
69,PJM,1,0,0
69,REQ,1,0,0
69,SWE,4,1,1
69,TES,2,0,0
70,ACQ,1,0,0
70,LEA,2,0,0
70,PER,1,0,0
70,PI,0,0,0
70,PJM,2,1,0
70,REQ,1,0,0
70,SWE,3,0,0
70,TES,2,0,0
71,ACQ,0,0,0
71,LEA,0,0,0
71,PER,0,0,0
71,PI,0,0,0
71,PJM,0,0,0
71,REQ,0,0,0
71,SWE,0,0,0
71,TES,0,0,0
72,ACQ,0,0,0
72,LEA,0,0,0
72,PER,0,0,0
72,PI,0,0,0
72,PJM,0,0,0
72,REQ,0,0,0
72,SWE,0,0,0
72,TES,0,0,0
73,ACQ,0,0,0
73,LEA,0,0,0
73,PER,0,0,0
73,PI,0,0,0
73,PJM,0,0,0
73,REQ,0,0,0
73,SWE,0,0,0
73,TES,0,0,0
74,ACQ,0,0,0
74,LEA,0,0,0
74,PER,1,0,0
74,PI,1,0,0
74,PJM,1,0,0
74,REQ,3,1,0
74,SWE,2,0,0
74,TES,3,0,0
75,ACQ,0,0,0
75,LEA,0,0,0
75,PER,0,0,0
75,PI,0,0,0
75,PJM,1,0,0
75,REQ,1,0,0
75,SWE,3,1,0
75,TES,1,0,0
76,ACQ,0,1,0
76,LEA,0,0,0
76,PER,0,0,0
76,PI,0,0,0
76,PJM,2,0,0
76,REQ,2,0,0
76,SWE,3,1,0
76,TES,2,0,0
77,ACQ,0,0,0
77,LEA,0,0,0
77,PER,0,0,0
77,PI,1,0,0
77,PJM,1,0,0
77,REQ,1,0,0
77,SWE,3,1,0
77,TES,2,0,0
78,ACQ,4,1,0
78,LEA,4,0,0
78,PER,4,0,0
78,PI,3,0,0
78,PJM,3,0,0
78,REQ,2,0,0
78,SWE,2,0,0
78,TES,2,0,0
79,ACQ,0,0,0
79,LEA,1,0,0
79,PER,1,0,0
79,PI,1,0,0
79,PJM,1,1,0
79,REQ,1,1,0
79,SWE,2,1,0
79,TES,1,1,0
80,ACQ,0,0,0
80,LEA,0,0,0
80,PER,0,0,0
80,PI,0,0,0
80,PJM,0,0,0
80,REQ,0,0,0
80,SWE,1,0,0
80,TES,0,0,0
81,ACQ,0,0,0
81,LEA,2,1,0
81,PER,0,0,0
81,PI,1,0,0
81,PJM,2,1,0
81,REQ,2,0,0
81,SWE,3,1,1
81,TES,2,0,0
89,ACQ,1,0,0
89,LEA,1,0,0
89,PER,1,0,0
89,PI,1,0,0
89,PJM,3,0,0
89,REQ,1,1,0
89,SWE,2,0,0
89,TES,1,0,0
90,ACQ,1,0,0
90,LEA,1,0,0
90,PER,1,0,0
90,PI,1,0,0
90,PJM,1,0,0
90,REQ,1,0,0
90,SWE,2,1,0
90,TES,1,0,0
92,ACQ,3,0,0
92,LEA,4,0,0
92,PER,3,1,0
92,PI,3,1,0
92,PJM,4,1,0
92,REQ,2,0,0
92,SWE,3,0,0
92,TES,4,0,0
93,ACQ,1,0,0
93,LEA,2,0,0
93,PER,2,1,0
93,PI,3,0,0
93,PJM,2,0,0
93,REQ,1,0,0
93,SWE,2,0,0
93,TES,4,0,0
94,ACQ,2,0,0
94,LEA,3,0,0
94,PER,3,0,0
94,PI,4,0,0
94,PJM,3,0,0
94,REQ,4,0,0
94,SWE,2,0,0
94,TES,3,0,0
95,ACQ,0,0,0
95,LEA,1,0,0
95,PER,0,0,0
95,PI,2,0,0
95,PJM,1,0,0
95,REQ,2,0,0
95,SWE,1,0,0
95,TES,1,0,0
96,ACQ,0,0,0
96,LEA,0,0,0
96,PER,0,0,0
96,PI,1,0,0
96,PJM,1,0,0
96,REQ,2,1,1
96,SWE,1,0,0
96,TES,3,1,1
97,ACQ,0,0,0
97,LEA,0,0,0
97,PER,0,0,0
97,PI,1,0,0
97,PJM,2,1,0
97,REQ,2,0,0
97,SWE,3,0,0
97,TES,2,0,0
98,ACQ,1,0,0
98,LEA,1,0,0
98,PER,1,0,0
98,PI,0,0,0
98,PJM,1,0,0
98,REQ,2,0,0
98,SWE,1,0,0
98,TES,2,1,0
99,ACQ,0,0,0
99,LEA,0,0,0
99,PER,0,0,0
99,PI,1,0,0
99,PJM,2,0,0
99,REQ,1,0,0
99,SWE,1,0,0
99,TES,3,1,0
100,ACQ,1,0,0
100,LEA,2,1,0
100,PER,1,0,0
100,PI,2,1,0
100,PJM,3,1,0
100,REQ,3,1,0
100,SWE,1,0,0
100,TES,1,0,0
101,ACQ,0,0,0
101,LEA,0,0,0
101,PER,0,0,0
101,PI,0,0,0
101,PJM,1,1,0
101,REQ,1,1,0
101,SWE,2,1,0
101,TES,2,1,0
102,ACQ,2,0,0
102,LEA,2,0,0
102,PER,1,0,0
102,PI,1,0,0
102,PJM,3,1,1
102,REQ,2,0,0
102,SWE,3,1,0
102,TES,3,1,1
103,ACQ,2,0,0
103,LEA,3,1,1
103,PER,3,1,1
103,PI,1,1,1
103,PJM,3,0,0
103,REQ,3,0,0
103,SWE,2,0,0
103,TES,2,0,0
104,ACQ,0,0,0
104,LEA,0,0,0
104,PER,0,0,0
104,PI,3,0,0
104,PJM,3,1,0
104,REQ,2,0,0
104,SWE,4,0,0
104,TES,1,0,0
105,ACQ,0,0,0
105,LEA,2,1,0
105,PER,0,0,0
105,PI,2,0,0
105,PJM,2,1,0
105,REQ,2,0,0
105,SWE,3,0,0
105,TES,2,0,0
106,ACQ,1,0,0
106,LEA,2,0,0
106,PER,0,0,0
106,PI,2,0,0
106,PJM,3,0,0
106,REQ,2,0,0
106,SWE,3,0,0
106,TES,4,0,0
107,ACQ,1,0,0
107,LEA,1,0,0
107,PER,1,1,0
107,PI,1,0,0
107,PJM,1,1,0
107,REQ,1,1,0
107,SWE,3,1,0
107,TES,1,0,0
108,ACQ,0,0,0
108,LEA,0,0,0
108,PER,0,0,0
108,PI,0,0,0
108,PJM,0,0,0
108,REQ,0,0,0
108,SWE,3,1,1
108,TES,1,0,0
109,ACQ,0,0,0
109,LEA,0,0,0
109,PER,0,0,0
109,PI,1,0,1
109,PJM,1,0,0
109,REQ,3,0,1
109,SWE,2,0,0
109,TES,0,0,0
110,ACQ,1,0,0
110,LEA,1,0,0
110,PER,0,0,0
110,PI,1,0,0
110,PJM,1,1,0
110,REQ,1,1,0
110,SWE,0,0,0
110,TES,2,0,0
111,ACQ,0,0,0
111,LEA,0,0,0
111,PER,0,0,0
111,PI,1,0,0
111,PJM,2,0,0
111,REQ,3,0,0
111,SWE,3,0,0
111,TES,1,0,0
112,ACQ,0,0,0
112,LEA,0,1,0
112,PER,1,0,0
112,PI,0,0,0
112,PJM,1,0,0
112,REQ,2,0,0
112,SWE,3,1,0
112,TES,1,0,0
113,ACQ,0,0,0
113,LEA,0,0,0
113,PER,0,0,0
113,PI,0,0,0
113,PJM,1,1,1
113,REQ,1,0,0
113,SWE,3,1,0
113,TES,1,0,0
114,ACQ,0,0,0
114,LEA,0,0,0
114,PER,0,0,0
114,PI,0,0,0
114,PJM,1,0,0
114,REQ,1,0,0
114,SWE,2,0,0
114,TES,1,0,0
115,ACQ,0,0,0
115,LEA,0,0,0
115,PER,0,0,0
115,PI,0,0,0
115,PJM,2,0,0
115,REQ,2,1,0
115,SWE,3,1,0
115,TES,2,1,0
117,ACQ,1,1,0
117,LEA,2,1,0
117,PER,3,1,0
117,PI,3,1,0
117,PJM,4,1,1
117,REQ,3,0,0
117,SWE,0,0,0
117,TES,1,0,0
118,ACQ,0,0,0
118,LEA,2,1,1
118,PER,1,0,0
118,PI,2,1,1
118,PJM,2,0,0
118,REQ,2,0,0
118,SWE,3,1,0
118,TES,2,0,0
119,ACQ,0,0,0
119,LEA,0,0,0
119,PER,1,0,0
119,PI,0,0,0
119,PJM,1,0,0
119,REQ,3,1,1
119,SWE,2,0,0
119,TES,1,0,0
120,ACQ,1,0,0
120,LEA,3,0,0
120,PER,1,0,0
120,PI,2,0,0
120,PJM,3,0,0
120,REQ,2,0,0
120,SWE,4,1,1
120,TES,2,0,0
121,ACQ,0,0,0
121,LEA,0,0,0
121,PER,0,0,0
121,PI,2,0,0
121,PJM,1,0,0
121,REQ,3,0,0
121,SWE,1,0,0
121,TES,1,0,0
122,ACQ,2,0,0
122,LEA,3,0,0
122,PER,2,0,0
122,PI,2,0,0
122,PJM,2,0,0
122,REQ,2,0,0
122,SWE,4,1,1
122,TES,2,0,0
123,ACQ,2,1,0
123,LEA,3,0,1
123,PER,2,1,0
123,PI,2,1,1
123,PJM,4,1,1
123,REQ,2,0,0
123,SWE,1,0,0
123,TES,1,0,0
124,ACQ,1,1,0
124,LEA,2,1,0
124,PER,2,1,0
124,PI,1,1,0
124,PJM,1,1,0
124,REQ,2,1,0
124,SWE,3,1,0
124,TES,2,1,0
125,ACQ,2,1,0
125,LEA,2,1,0
125,PER,2,0,0
125,PI,3,1,1
125,PJM,4,1,1
125,REQ,3,1,1
125,SWE,1,0,0
125,TES,0,0,0
126,ACQ,0,0,0
126,LEA,0,0,0
126,PER,0,1,0
126,PI,0,0,0
126,PJM,1,0,0
126,REQ,1,0,0
126,SWE,2,1,0
126,TES,1,1,0
127,ACQ,1,0,0
127,LEA,3,1,1
127,PER,2,0,0
127,PI,2,0,0
127,PJM,1,0,0
127,REQ,2,1,0
127,SWE,4,1,1
127,TES,4,1,0
128,ACQ,1,0,0
128,LEA,1,1,0
128,PER,1,0,0
128,PI,1,0,0
128,PJM,2,1,0
128,REQ,1,1,0
128,SWE,2,1,0
128,TES,1,0,0
129,ACQ,1,0,0
129,LEA,2,0,0
129,PER,1,0,0
129,PI,1,1,1
129,PJM,3,1,1
129,REQ,3,1,1
129,SWE,2,0,0
129,TES,1,0,0
130,ACQ,1,0,0
130,LEA,1,0,0
130,PER,1,0,0
130,PI,2,0,0
130,PJM,4,1,1
130,REQ,3,0,0
130,SWE,4,1,0
130,TES,2,0,0
134,ACQ,0,0,0
134,LEA,0,0,0
134,PER,0,0,0
134,PI,0,0,0
134,PJM,1,0,0
134,REQ,1,0,0
134,SWE,2,1,0
134,TES,1,0,0
135,ACQ,0,0,0
135,LEA,0,0,0
135,PER,0,0,0
135,PI,0,0,0
135,PJM,0,0,0
135,REQ,2,0,0
135,SWE,1,0,0
135,TES,3,1,1
138,ACQ,1,0,0
138,LEA,1,0,0
138,PER,1,0,0
138,PI,1,0,0
138,PJM,1,0,0
138,REQ,2,1,1
138,SWE,3,1,1
138,TES,2,0,0
139,ACQ,2,0,0
139,LEA,0,0,0
139,PER,1,0,0
139,PI,2,1,0
139,PJM,2,0,1
139,REQ,2,0,1
139,SWE,3,1,0
139,TES,4,1,0
140,ACQ,0,0,0
140,LEA,0,0,0
140,PER,1,0,0
140,PI,0,0,0
140,PJM,1,0,0
140,REQ,1,0,0
140,SWE,3,1,0
140,TES,1,0,0
142,ACQ,0,0,0
142,LEA,0,0,0
142,PER,0,0,0
142,PI,0,0,0
142,PJM,0,0,0
142,REQ,0,0,0
142,SWE,0,0,0
142,TES,0,0,0
143,ACQ,0,0,0
143,LEA,2,1,1
143,PER,2,1,1
143,PI,1,0,0
143,PJM,2,1,1
143,REQ,2,1,1
143,SWE,1,0,0
143,TES,2,0,0
144,ACQ,2,0,0
144,LEA,2,0,1
144,PER,2,0,0
144,PI,2,0,1
144,PJM,2,0,1
144,REQ,3,0,0
144,SWE,1,0,0
144,TES,3,0,0
146,ACQ,0,0,0
146,LEA,0,0,0
146,PER,0,0,0
146,PI,0,0,0
146,PJM,0,0,0
146,REQ,0,0,0
146,SWE,0,0,0
146,TES,0,0,0
147,ACQ,0,0,0
147,LEA,2,1,1
147,PER,2,0,0
147,PI,0,0,0
147,PJM,1,0,0
147,REQ,2,0,0
147,SWE,3,1,1
147,TES,2,0,0
148,ACQ,0,0,0
148,LEA,0,0,0
148,PER,0,0,0
148,PI,0,0,0
148,PJM,1,0,0
148,REQ,1,0,0
148,SWE,2,0,0
148,TES,2,0,0
149,ACQ,1,0,0
149,LEA,1,0,0
149,PER,1,0,0
149,PI,1,0,0
149,PJM,2,1,0
149,REQ,3,1,1
149,SWE,1,0,0
149,TES,2,0,0
150,ACQ,0,0,0
150,LEA,0,0,0
150,PER,0,0,0
150,PI,2,1,1
150,PJM,2,0,0
150,REQ,3,1,0
150,SWE,3,0,0
150,TES,2,0,0
152,ACQ,1,0,0
152,LEA,2,0,0
152,PER,3,0,0
152,PI,3,1,1
152,PJM,2,0,0
152,REQ,2,0,0
152,SWE,4,0,0
152,TES,2,0,0
153,ACQ,0,0,0
153,LEA,2,1,1
153,PER,0,0,0
153,PI,0,0,0
153,PJM,2,0,0
153,REQ,2,0,0
153,SWE,2,1,1
153,TES,2,0,0
154,ACQ,0,0,0
154,LEA,1,0,0
154,PER,2,0,0
154,PI,3,1,1
154,PJM,3,1,0
154,REQ,2,0,0
154,SWE,0,0,0
154,TES,2,0,0
155,ACQ,2,0,1
155,LEA,2,0,1
155,PER,2,0,0
155,PI,2,1,0
155,PJM,3,0,0
155,REQ,4,1,1
155,SWE,1,0,0
155,TES,2,0,0
156,ACQ,2,0,0
156,LEA,3,1,0
156,PER,2,0,0
156,PI,4,1,1
156,PJM,3,1,1
156,REQ,1,0,0
156,SWE,2,0,0
156,TES,1,0,0
157,ACQ,2,0,0
157,LEA,1,0,0
157,PER,2,0,0
157,PI,2,1,0
157,PJM,3,1,0
157,REQ,3,1,0
157,SWE,1,0,0
157,TES,2,0,0
158,ACQ,3,1,1
158,LEA,3,1,1
158,PER,3,0,0
158,PI,2,0,0
158,PJM,4,1,1
158,REQ,4,1,1
158,SWE,1,0,0
158,TES,2,0,0
159,ACQ,4,0,0
159,LEA,4,0,0
159,PER,2,0,0
159,PI,2,0,0
159,PJM,3,0,0
159,REQ,1,0,0
159,SWE,1,0,0
159,TES,1,0,0
160,ACQ,0,0,0
160,LEA,2,0,0
160,PER,2,0,0
160,PI,2,0,0
160,PJM,2,0,0
160,REQ,2,0,0
160,SWE,4,0,0
160,TES,1,0,0
161,ACQ,0,0,0
161,LEA,0,0,0
161,PER,0,0,0
161,PI,0,0,0
161,PJM,2,0,0
161,REQ,2,1,0
161,SWE,3,1,1
161,TES,2,0,0
162,ACQ,0,0,0
162,LEA,0,0,0
162,PER,0,0,0
162,PI,0,0,0
162,PJM,3,1,1
162,REQ,1,1,1
162,SWE,1,0,0
162,TES,1,0,0
164,ACQ,0,0,0
164,LEA,2,0,0
164,PER,0,0,0
164,PI,1,0,0
164,PJM,1,0,0
164,REQ,2,0,0
164,SWE,3,1,1
164,TES,2,0,0
165,ACQ,2,1,0
165,LEA,2,1,0
165,PER,2,1,0
165,PI,2,1,0
165,PJM,4,1,0
165,REQ,2,0,0
165,SWE,3,0,0
165,TES,2,0,0
166,ACQ,1,0,0
166,LEA,2,0,0
166,PER,3,0,0
166,PI,2,1,0
166,PJM,3,1,1
166,REQ,2,1,0
166,SWE,1,0,0
166,TES,3,1,1
167,ACQ,3,1,0
167,LEA,3,1,0
167,PER,3,1,0
167,PI,2,0,0
167,PJM,3,1,1
167,REQ,3,1,0
167,SWE,3,0,0
167,TES,2,0,0
168,ACQ,3,0,0
168,LEA,3,0,0
168,PER,3,0,0
168,PI,2,0,0
168,PJM,3,1,0
168,REQ,4,1,0
168,SWE,3,0,0
168,TES,3,0,0
169,ACQ,1,0,0
169,LEA,1,0,0
169,PER,0,0,0
169,PI,1,0,0
169,PJM,2,0,0
169,REQ,2,0,0
169,SWE,4,1,1
169,TES,2,0,0
170,ACQ,3,0,0
170,LEA,3,0,0
170,PER,3,0,0
170,PI,2,0,0
170,PJM,3,1,0
170,REQ,3,1,0
170,SWE,3,0,0
170,TES,2,0,0
171,ACQ,2,0,0
171,LEA,4,1,0
171,PER,3,0,0
171,PI,3,0,0
171,PJM,4,1,0
171,REQ,2,0,0
171,SWE,2,0,0
171,TES,2,0,0
172,ACQ,3,0,0
172,LEA,3,0,0
172,PER,2,0,0
172,PI,2,0,0
172,PJM,3,0,0
172,REQ,3,1,0
172,SWE,2,0,0
172,TES,3,0,0
173,ACQ,0,0,0
173,LEA,0,0,0
173,PER,0,0,0
173,PI,0,0,0
173,PJM,1,1,0
173,REQ,2,1,0
173,SWE,3,1,0
173,TES,2,0,0
174,ACQ,4,1,1
174,LEA,3,1,1
174,PER,2,1,1
174,PI,3,1,1
174,PJM,4,1,1
174,REQ,3,1,1
174,SWE,2,0,0
174,TES,2,0,0
175,ACQ,2,0,0
175,LEA,3,1,0
175,PER,1,0,0
175,PI,2,1,0
175,PJM,3,1,0
175,REQ,3,1,0
175,SWE,1,0,0
175,TES,1,0,0
176,ACQ,0,0,0
176,LEA,0,0,0
176,PER,0,0,0
176,PI,0,0,0
176,PJM,0,0,0
176,REQ,0,0,0
176,SWE,1,1,0
176,TES,0,0,0
177,ACQ,0,0,0
177,LEA,0,0,0
177,PER,0,0,0
177,PI,0,0,0
177,PJM,0,0,0
177,REQ,0,0,0
177,SWE,2,0,0
177,TES,0,0,0
178,ACQ,3,0,0
178,LEA,2,0,0
178,PER,2,0,0
178,PI,2,0,0
178,PJM,3,1,0
178,REQ,2,0,0
178,SWE,2,0,0
178,TES,2,0,0
179,ACQ,0,0,0
179,LEA,0,0,0
179,PER,0,0,0
179,PI,4,0,0
179,PJM,4,0,0
179,REQ,2,0,0
179,SWE,0,0,0
179,TES,0,0,0
180,ACQ,2,0,0
180,LEA,2,0,0
180,PER,2,0,0
180,PI,2,0,0
180,PJM,3,0,0
180,REQ,1,0,0
180,SWE,2,0,0
180,TES,4,0,0
182,ACQ,0,0,0
182,LEA,0,0,0
182,PER,0,0,0
182,PI,0,0,0
182,PJM,0,0,0
182,REQ,0,0,0
182,SWE,0,0,0
182,TES,0,0,0
185,ACQ,1,0,0
185,LEA,2,0,0
185,PER,1,0,0
185,PI,1,0,0
185,PJM,2,1,1
185,REQ,2,1,1
185,SWE,2,1,0
185,TES,3,1,0
186,ACQ,0,0,0
186,LEA,0,0,0
186,PER,1,0,0
186,PI,0,0,0
186,PJM,1,0,0
186,REQ,2,0,0
186,SWE,3,1,1
186,TES,1,0,0
188,ACQ,0,0,0
188,LEA,0,0,0
188,PER,0,0,0
188,PI,0,0,0
188,PJM,3,1,1
188,REQ,2,1,0
188,SWE,1,0,0
188,TES,2,0,0
189,ACQ,1,0,0
189,LEA,2,1,1
189,PER,2,0,0
189,PI,1,0,0
189,PJM,2,1,1
189,REQ,2,1,1
189,SWE,4,1,0
189,TES,1,0,0
191,ACQ,2,0,0
191,LEA,2,0,0
191,PER,0,0,0
191,PI,4,1,1
191,PJM,3,0,0
191,REQ,4,1,1
191,SWE,3,1,0
191,TES,1,0,0
192,ACQ,2,1,1
192,LEA,3,1,1
192,PER,3,1,1
192,PI,2,0,0
192,PJM,3,1,1
192,REQ,3,0,0
192,SWE,1,0,0
192,TES,2,0,0
193,ACQ,3,0,0
193,LEA,3,0,0
193,PER,3,0,0
193,PI,2,0,0
193,PJM,3,0,0
193,REQ,3,0,0
193,SWE,2,0,0
193,TES,2,0,0
194,ACQ,0,0,0
194,LEA,0,0,0
194,PER,0,0,0
194,PI,0,0,0
194,PJM,1,0,0
194,REQ,1,0,0
194,SWE,2,1,0
194,TES,1,0,0
195,ACQ,0,0,0
195,LEA,0,0,0
195,PER,1,0,0
195,PI,0,0,0
195,PJM,1,0,0
195,REQ,1,0,0
195,SWE,3,1,1
195,TES,2,0,0
197,ACQ,0,0,0
197,LEA,0,0,0
197,PER,0,0,0
197,PI,2,0,0
197,PJM,1,1,1
197,REQ,1,0,0
197,SWE,3,1,0
197,TES,3,1,0
198,ACQ,1,0,0
198,LEA,3,0,0
198,PER,3,0,0
198,PI,2,0,0
198,PJM,4,0,0
198,REQ,1,0,0
198,SWE,1,0,0
198,TES,1,0,0
199,ACQ,0,0,0
199,LEA,1,0,0
199,PER,1,0,0
199,PI,2,1,1
199,PJM,1,0,0
199,REQ,3,1,1
199,SWE,0,0,0
199,TES,1,0,0
200,ACQ,2,0,1
200,LEA,2,0,1
200,PER,1,0,0
200,PI,1,1,1
200,PJM,3,1,1
200,REQ,2,0,0
200,SWE,3,0,0
200,TES,3,0,0
201,ACQ,1,0,0
201,LEA,2,0,0
201,PER,2,0,0
201,PI,2,0,0
201,PJM,2,0,0
201,REQ,3,1,1
201,SWE,1,0,0
201,TES,1,0,0
202,ACQ,0,0,0
202,LEA,0,0,0
202,PER,0,0,0
202,PI,1,0,0
202,PJM,1,0,0
202,REQ,3,1,1
202,SWE,3,1,0
202,TES,2,0,0
203,ACQ,0,0,0
203,LEA,0,0,0
203,PER,0,0,0
203,PI,0,0,0
203,PJM,1,0,0
203,REQ,3,1,1
203,SWE,1,0,0
203,TES,2,0,0
204,ACQ,1,0,0
204,LEA,1,0,0
204,PER,1,0,0
204,PI,2,0,1
204,PJM,3,0,1
204,REQ,3,0,0
204,SWE,2,0,0
204,TES,2,0,0
205,ACQ,0,0,0
205,LEA,0,0,0
205,PER,0,0,0
205,PI,1,0,0
205,PJM,2,0,0
205,REQ,2,0,0
205,SWE,3,1,1
205,TES,2,0,0
206,ACQ,0,0,0
206,LEA,0,0,0
206,PER,0,0,0
206,PI,0,0,0
206,PJM,0,0,0
206,REQ,1,0,0
206,SWE,2,1,1
206,TES,1,0,0
209,ACQ,1,0,0
209,LEA,1,0,0
209,PER,1,0,0
209,PI,1,0,0
209,PJM,3,1,0
209,REQ,3,1,0
209,SWE,2,0,0
209,TES,2,1,0
219,ACQ,0,0,0
219,LEA,0,0,0
219,PER,0,0,0
219,PI,1,0,0
219,PJM,2,1,0
219,REQ,3,1,1
219,SWE,2,0,0
219,TES,2,0,0
220,ACQ,1,0,1
220,LEA,1,0,1
220,PER,1,0,1
220,PI,3,1,1
220,PJM,4,1,0
220,REQ,2,0,0
220,SWE,4,0,0
220,TES,3,0,0
221,ACQ,3,0,0
221,LEA,3,0,0
221,PER,3,0,0
221,PI,3,1,1
221,PJM,4,1,1
221,REQ,3,0,0
221,SWE,1,0,0
221,TES,2,0,0
222,ACQ,0,0,0
222,LEA,0,0,0
222,PER,0,0,0
222,PI,0,0,0
222,PJM,0,0,0
222,REQ,0,0,0
222,SWE,3,0,0
222,TES,1,0,0
223,ACQ,1,0,0
223,LEA,1,0,0
223,PER,1,0,0
223,PI,2,0,0
223,PJM,2,0,0
223,REQ,3,0,0
223,SWE,1,0,0
223,TES,1,0,0
225,ACQ,0,0,0
225,LEA,0,0,0
225,PER,0,0,0
225,PI,2,1,1
225,PJM,2,0,1
225,REQ,3,1,0
225,SWE,1,0,0
225,TES,2,0,0
226,ACQ,0,0,0
226,LEA,0,0,0
226,PER,0,0,0
226,PI,0,0,0
226,PJM,2,1,1
226,REQ,2,1,1
226,SWE,0,0,0
226,TES,1,0,0
227,ACQ,0,0,0
227,LEA,0,0,0
227,PER,0,0,0
227,PI,1,0,0
227,PJM,2,0,0
227,REQ,1,0,0
227,SWE,3,0,0
227,TES,1,0,0
228,ACQ,0,0,0
228,LEA,0,0,0
228,PER,0,0,0
228,PI,0,0,0
228,PJM,1,0,0
228,REQ,2,0,0
228,SWE,2,1,1
228,TES,2,0,0
229,ACQ,0,0,0
229,LEA,1,0,1
229,PER,2,1,1
229,PI,1,0,0
229,PJM,1,0,0
229,REQ,2,0,0
229,SWE,1,0,0
229,TES,3,1,1
231,ACQ,0,0,0
231,LEA,0,0,0
231,PER,0,0,0
231,PI,3,1,0
231,PJM,2,0,1
231,REQ,2,0,1
231,SWE,0,0,0
231,TES,0,0,0
232,ACQ,1,0,0
232,LEA,1,0,0
232,PER,2,0,0
232,PI,2,0,0
232,PJM,2,0,0
232,REQ,2,0,0
232,SWE,3,0,0
232,TES,4,1,1
233,ACQ,2,0,0
233,LEA,3,0,0
233,PER,1,0,0
233,PI,4,1,0
233,PJM,4,1,0
233,REQ,2,0,0
233,SWE,1,0,0
233,TES,1,0,0
235,ACQ,2,0,0
235,LEA,2,0,0
235,PER,0,0,0
235,PI,1,0,0
235,PJM,3,1,0
235,REQ,3,0,0
235,SWE,4,1,0
235,TES,3,0,0
237,ACQ,0,0,0
237,LEA,0,0,0
237,PER,0,0,0
237,PI,1,1,0
237,PJM,1,1,0
237,REQ,3,1,1
237,SWE,1,0,0
237,TES,1,0,0
238,ACQ,2,0,0
238,LEA,2,0,0
238,PER,1,0,0
238,PI,1,1,0
238,PJM,3,1,0
238,REQ,2,0,0
238,SWE,3,0,0
238,TES,3,1,1
240,ACQ,0,0,0
240,LEA,2,0,0
240,PER,2,0,0
240,PI,0,0,0
240,PJM,2,0,0
240,REQ,3,1,1
240,SWE,3,0,0
240,TES,2,0,0
241,ACQ,0,0,0
241,LEA,0,0,0
241,PER,0,0,0
241,PI,2,1,1
241,PJM,2,1,1
241,REQ,2,0,0
241,SWE,4,0,0
241,TES,2,0,0
245,ACQ,1,0,0
245,LEA,2,0,0
245,PER,2,0,0
245,PI,2,0,0
245,PJM,2,1,1
245,REQ,1,0,0
245,SWE,4,1,1
245,TES,2,1,1
247,ACQ,1,0,0
247,LEA,1,0,0
247,PER,1,0,0
247,PI,1,0,0
247,PJM,1,0,0
247,REQ,1,1,0
247,SWE,2,1,1
247,TES,1,1,1
251,ACQ,3,0,0
251,LEA,3,0,1
251,PER,2,0,0
251,PI,2,1,1
251,PJM,4,0,1
251,REQ,4,1,1
251,SWE,1,0,0
251,TES,2,0,0
252,ACQ,0,0,0
252,LEA,0,0,0
252,PER,0,0,0
252,PI,0,0,0
252,PJM,0,0,0
252,REQ,0,0,0
252,SWE,2,1,1
252,TES,0,0,0
253,ACQ,0,0,0
253,LEA,0,0,0
253,PER,0,0,0
253,PI,1,0,0
253,PJM,1,0,0
253,REQ,2,0,0
253,SWE,4,1,1
253,TES,2,0,0
254,ACQ,0,0,0
254,LEA,0,0,0
254,PER,1,0,0
254,PI,1,0,0
254,PJM,2,0,0
254,REQ,2,0,0
254,SWE,3,1,1
254,TES,2,0,0
255,ACQ,0,0,0
255,LEA,2,0,0
255,PER,1,0,0
255,PI,2,0,0
255,PJM,3,1,1
255,REQ,2,0,0
255,SWE,4,0,0
255,TES,1,0,0
256,ACQ,3,0,0
256,LEA,3,1,1
256,PER,2,0,0
256,PI,3,1,1
256,PJM,4,1,1
256,REQ,3,1,1
256,SWE,4,0,1
256,TES,2,0,0
257,ACQ,2,0,0
257,LEA,1,0,0
257,PER,1,0,0
257,PI,3,1,1
257,PJM,4,1,1
257,REQ,2,0,1
257,SWE,4,0,0
257,TES,1,0,0
258,ACQ,0,0,0
258,LEA,0,0,0
258,PER,0,0,0
258,PI,0,0,0
258,PJM,0,0,0
258,REQ,0,0,0
258,SWE,3,0,0
258,TES,3,0,0
259,ACQ,4,1,1
259,LEA,1,0,0
259,PER,0,0,0
259,PI,1,0,0
259,PJM,3,0,0
259,REQ,2,0,0
259,SWE,3,0,0
259,TES,0,0,0
261,ACQ,1,0,0
261,LEA,2,0,1
261,PER,4,1,0
261,PI,3,1,1
261,PJM,4,1,1
261,REQ,2,0,0
261,SWE,1,0,0
261,TES,1,0,0
263,ACQ,2,1,1
263,LEA,2,1,1
263,PER,1,0,0
263,PI,3,1,1
263,PJM,2,1,1
263,REQ,2,0,0
263,SWE,3,0,0
263,TES,1,0,0
264,ACQ,0,0,0
264,LEA,2,0,0
264,PER,0,0,0
264,PI,1,0,0
264,PJM,3,1,1
264,REQ,0,0,0
264,SWE,2,0,0
264,TES,1,0,0
265,ACQ,0,0,0
265,LEA,0,0,0
265,PER,0,0,0
265,PI,0,0,0
265,PJM,1,0,0
265,REQ,1,0,0
265,SWE,3,1,0
265,TES,2,0,0
266,ACQ,2,0,0
266,LEA,1,0,0
266,PER,0,0,0
266,PI,0,0,0
266,PJM,2,0,0
266,REQ,2,0,0
266,SWE,4,1,0
266,TES,2,0,0
267,ACQ,2,0,0
267,LEA,2,0,0
267,PER,2,0,0
267,PI,2,1,0
267,PJM,3,1,1
267,REQ,3,1,1
267,SWE,1,0,0
267,TES,2,0,0
268,ACQ,0,0,0
268,LEA,0,0,0
268,PER,0,0,0
268,PI,1,0,0
268,PJM,2,0,0
268,REQ,2,0,0
268,SWE,3,1,1
268,TES,2,0,0
272,ACQ,1,0,0
272,LEA,1,0,0
272,PER,1,0,0
272,PI,2,1,0
272,PJM,2,1,0
272,REQ,2,1,0
272,SWE,3,0,0
272,TES,2,0,0
273,ACQ,1,0,0
273,LEA,1,0,0
273,PER,1,0,0
273,PI,1,0,0
273,PJM,1,0,0
273,REQ,2,1,1
273,SWE,3,1,0
273,TES,2,1,1
276,ACQ,0,0,0
276,LEA,3,0,0
276,PER,0,0,0
276,PI,0,0,0
276,PJM,1,0,0
276,REQ,1,0,0
276,SWE,4,0,0
276,TES,1,0,0
277,ACQ,1,0,0
277,LEA,3,1,0
277,PER,1,0,0
277,PI,1,0,0
277,PJM,2,1,0
277,REQ,2,0,0
277,SWE,4,1,0
277,TES,3,0,0
278,ACQ,0,0,0
278,LEA,1,0,0
278,PER,1,0,0
278,PI,1,0,0
278,PJM,1,0,0
278,REQ,2,0,0
278,SWE,3,0,0
278,TES,2,0,0
279,ACQ,0,0,0
279,LEA,0,0,0
279,PER,0,0,0
279,PI,0,0,0
279,PJM,1,0,1
279,REQ,1,0,1
279,SWE,3,1,0
279,TES,2,0,1
280,ACQ,0,0,0
280,LEA,1,0,0
280,PER,0,0,0
280,PI,1,0,0
280,PJM,2,0,0
280,REQ,1,0,0
280,SWE,4,1,1
280,TES,3,0,0
281,ACQ,0,0,0
281,LEA,0,0,0
281,PER,0,0,0
281,PI,0,0,0
281,PJM,0,0,0
281,REQ,1,0,1
281,SWE,3,1,1
281,TES,1,0,0
282,ACQ,0,0,0
282,LEA,0,0,0
282,PER,0,0,0
282,PI,0,0,0
282,PJM,0,0,0
282,REQ,0,0,0
282,SWE,0,0,0
282,TES,0,0,0
283,ACQ,2,0,0
283,LEA,1,0,0
283,PER,2,0,0
283,PI,2,0,0
283,PJM,3,0,0
283,REQ,3,0,0
283,SWE,2,0,0
283,TES,3,0,0
284,ACQ,2,0,0
284,LEA,1,0,0
284,PER,1,0,0
284,PI,2,1,1
284,PJM,3,1,1
284,REQ,3,1,1
284,SWE,1,0,0
284,TES,1,0,0
285,ACQ,0,0,0
285,LEA,1,1,0
285,PER,0,0,0
285,PI,0,0,0
285,PJM,1,1,0
285,REQ,2,0,0
285,SWE,4,1,1
285,TES,3,0,0
289,ACQ,0,0,0
289,LEA,0,0,0
289,PER,0,0,0
289,PI,0,0,0
289,PJM,2,1,0
289,REQ,1,1,0
289,SWE,3,1,0
289,TES,1,0,0
290,ACQ,0,0,0
290,LEA,0,0,0
290,PER,0,0,0
290,PI,0,0,0
290,PJM,0,0,0
290,REQ,0,0,0
290,SWE,3,1,0
290,TES,0,0,0
291,ACQ,0,0,0
291,LEA,0,0,0
291,PER,0,0,0
291,PI,0,0,0
291,PJM,0,0,0
291,REQ,0,0,0
291,SWE,2,1,1
291,TES,0,0,0
292,ACQ,0,0,0
292,LEA,0,0,0
292,PER,0,0,0
292,PI,0,0,0
292,PJM,0,0,0
292,REQ,0,0,0
292,SWE,2,1,1
292,TES,0,0,0
293,ACQ,0,0,0
293,LEA,0,0,0
293,PER,0,0,0
293,PI,0,0,0
293,PJM,0,0,0
293,REQ,0,0,0
293,SWE,0,0,0
293,TES,1,1,1
294,ACQ,0,0,0
294,LEA,0,0,0
294,PER,0,0,0
294,PI,0,0,0
294,PJM,0,0,0
294,REQ,0,0,0
294,SWE,0,0,0
294,TES,3,1,1
297,ACQ,0,0,0
297,LEA,0,0,0
297,PER,0,0,0
297,PI,0,0,0
297,PJM,0,0,0
297,REQ,0,0,0
297,SWE,2,1,1
297,TES,0,0,0
302,ACQ,0,0,0
302,LEA,0,0,0
302,PER,0,0,0
302,PI,0,0,0
302,PJM,1,0,0
302,REQ,2,0,0
302,SWE,3,1,1
302,TES,1,0,0
303,ACQ,0,0,0
303,LEA,0,0,0
303,PER,0,0,0
303,PI,0,0,0
303,PJM,0,0,0
303,REQ,0,0,0
303,SWE,0,0,0
303,TES,2,1,1
304,ACQ,0,0,0
304,LEA,2,0,0
304,PER,0,0,0
304,PI,0,0,0
304,PJM,0,0,0
304,REQ,0,0,0
304,SWE,0,0,0
304,TES,3,1,1
305,ACQ,0,0,0
305,LEA,0,0,0
305,PER,0,0,0
305,PI,0,0,0
305,PJM,2,0,0
305,REQ,2,1,1
305,SWE,3,1,1
305,TES,3,0,0
308,ACQ,1,0,0
308,LEA,1,0,0
308,PER,1,0,0
308,PI,1,0,0
308,PJM,1,0,0
308,REQ,1,0,0
308,SWE,3,1,1
308,TES,2,1,0
309,ACQ,0,0,0
309,LEA,1,0,0
309,PER,0,0,0
309,PI,0,0,0
309,PJM,1,0,0
309,REQ,2,0,0
309,SWE,3,1,1
309,TES,2,0,0
312,ACQ,1,0,0
312,LEA,3,1,1
312,PER,2,0,1
312,PI,1,0,0
312,PJM,1,0,0
312,REQ,1,0,0
312,SWE,3,1,1
312,TES,2,0,0
314,ACQ,0,0,0
314,LEA,0,0,0
314,PER,0,0,0
314,PI,0,0,0
314,PJM,1,0,0
314,REQ,1,0,0
314,SWE,2,1,0
314,TES,2,0,0
315,ACQ,1,0,0
315,LEA,2,0,0
315,PER,1,0,0
315,PI,1,1,0
315,PJM,2,0,0
315,REQ,3,1,0
315,SWE,1,0,0
315,TES,2,1,0
316,ACQ,0,0,0
316,LEA,0,0,0
316,PER,0,0,0
316,PI,0,0,0
316,PJM,1,0,0
316,REQ,1,0,0
316,SWE,3,1,0
316,TES,1,0,0
317,ACQ,0,0,0
317,LEA,0,0,0
317,PER,0,0,0
317,PI,0,0,0
317,PJM,0,0,0
317,REQ,1,0,0
317,SWE,2,1,0
317,TES,1,0,0
319,ACQ,1,0,0
319,LEA,3,0,0
319,PER,0,0,0
319,PI,2,0,0
319,PJM,3,1,0
319,REQ,2,0,0
319,SWE,0,0,0
319,TES,4,1,0
330,ACQ,0,0,0
330,LEA,3,0,0
330,PER,2,0,0
330,PI,0,0,0
330,PJM,0,0,0
330,REQ,1,0,0
330,SWE,4,0,0
330,TES,3,0,0
331,ACQ,4,1,0
331,LEA,4,1,0
331,PER,1,0,0
331,PI,3,1,0
331,PJM,4,0,0
331,REQ,2,0,0
331,SWE,3,0,0
331,TES,1,0,0
332,ACQ,0,0,0
332,LEA,0,0,0
332,PER,0,0,0
332,PI,0,0,0
332,PJM,1,0,0
332,REQ,1,0,0
332,SWE,3,1,1
332,TES,1,0,0
339,ACQ,1,0,0
339,LEA,2,0,0
339,PER,1,0,0
339,PI,2,0,0
339,PJM,2,0,1
339,REQ,2,0,0
339,SWE,3,1,1
339,TES,1,0,0
340,ACQ,0,0,0
340,LEA,0,0,0
340,PER,0,0,0
340,PI,1,0,0
340,PJM,2,0,0
340,REQ,2,0,0
340,SWE,3,1,1
340,TES,3,0,1
343,ACQ,1,0,0
343,LEA,2,0,0
343,PER,0,0,0
343,PI,0,0,0
343,PJM,2,0,0
343,REQ,2,0,1
343,SWE,3,1,1
343,TES,1,0,0
344,ACQ,0,0,0
344,LEA,1,0,0
344,PER,0,0,0
344,PI,0,0,0
344,PJM,2,0,0
344,REQ,3,0,0
344,SWE,3,1,1
344,TES,2,0,0
347,ACQ,0,0,0
347,LEA,1,0,0
347,PER,2,0,0
347,PI,0,0,0
347,PJM,1,0,0
347,REQ,1,0,0
347,SWE,4,1,1
347,TES,1,0,0
380,ACQ,0,0,0
380,LEA,0,0,0
380,PER,0,0,0
380,PI,1,0,0
380,PJM,0,0,0
380,REQ,1,0,0
380,SWE,2,0,0
380,TES,3,1,1
383,ACQ,0,0,0
383,LEA,0,0,0
383,PER,0,0,0
383,PI,0,0,0
383,PJM,0,0,0
383,REQ,0,0,0
383,SWE,3,1,1
383,TES,0,0,0
384,ACQ,0,0,0
384,LEA,0,0,0
384,PER,0,0,0
384,PI,0,0,0
384,PJM,0,0,0
384,REQ,0,0,0
384,SWE,2,0,0
384,TES,3,1,1
393,ACQ,1,0,0
393,LEA,2,1,1
393,PER,2,1,1
393,PI,2,0,0
393,PJM,3,1,1
393,REQ,2,0,0
393,SWE,1,0,0
393,TES,2,0,0
395,ACQ,0,0,0
395,LEA,2,1,0
395,PER,0,0,0
395,PI,2,0,0
395,PJM,3,1,1
395,REQ,3,0,0
395,SWE,4,1,1
395,TES,1,0,0
396,ACQ,1,0,1
396,LEA,1,0,1
396,PER,2,0,1
396,PI,1,0,1
396,PJM,1,0,1
396,REQ,1,0,1
396,SWE,3,1,0
396,TES,1,0,1
397,ACQ,0,0,0
397,LEA,1,0,0
397,PER,1,0,0
397,PI,1,0,0
397,PJM,1,0,0
397,REQ,1,0,0
397,SWE,3,1,0
397,TES,2,0,0
398,ACQ,1,0,0
398,LEA,3,1,1
398,PER,2,1,1
398,PI,1,1,0
398,PJM,1,0,0
398,REQ,2,0,0
398,SWE,4,1,1
398,TES,3,0,0
399,ACQ,0,0,0
399,LEA,2,0,0
399,PER,1,0,0
399,PI,0,0,0
399,PJM,0,0,0
399,REQ,2,0,0
399,SWE,4,1,1
399,TES,2,0,0
400,ACQ,0,0,0
400,LEA,0,0,0
400,PER,0,0,0
400,PI,1,0,0
400,PJM,1,0,0
400,REQ,0,0,0
400,SWE,3,1,0
400,TES,2,0,0
402,ACQ,1,0,0
402,LEA,1,0,0
402,PER,1,0,0
402,PI,1,0,0
402,PJM,1,0,0
402,REQ,2,0,1
402,SWE,2,1,1
402,TES,2,0,0
403,ACQ,0,0,0
403,LEA,0,0,0
403,PER,0,0,0
403,PI,0,0,0
403,PJM,0,0,0
403,REQ,0,0,0
403,SWE,3,1,1
403,TES,0,0,0
404,ACQ,0,0,0
404,LEA,1,0,0
404,PER,0,0,0
404,PI,0,0,0
404,PJM,0,0,0
404,REQ,0,0,0
404,SWE,0,0,0
404,TES,3,1,1
406,ACQ,1,0,0
406,LEA,1,0,0
406,PER,1,0,0
406,PI,1,0,0
406,PJM,2,0,0
406,REQ,2,1,1
406,SWE,1,0,0
406,TES,1,0,0
408,ACQ,2,0,0
408,LEA,3,1,1
408,PER,3,0,0
408,PI,1,0,0
408,PJM,3,0,0
408,REQ,2,0,0
408,SWE,1,0,0
408,TES,4,1,1
409,ACQ,0,0,0
409,LEA,1,0,0
409,PER,2,0,0
409,PI,3,1,1
409,PJM,1,0,0
409,REQ,1,0,0
409,SWE,3,0,0
409,TES,1,0,0
411,ACQ,1,0,0
411,LEA,1,0,0
411,PER,1,0,0
411,PI,1,0,0
411,PJM,1,0,0
411,REQ,2,1,1
411,SWE,3,1,1
411,TES,2,0,0
412,ACQ,2,0,0
412,LEA,3,0,1
412,PER,1,0,0
412,PI,2,1,0
412,PJM,3,1,1
412,REQ,2,1,1
412,SWE,3,1,0
412,TES,2,0,0
413,ACQ,0,0,0
413,LEA,2,0,0
413,PER,2,0,0
413,PI,2,0,0
413,PJM,0,0,0
413,REQ,1,0,0
413,SWE,2,0,0
413,TES,3,0,1
414,ACQ,0,0,0
414,LEA,2,0,0
414,PER,0,0,0
414,PI,1,0,0
414,PJM,2,0,1
414,REQ,3,0,1
414,SWE,4,1,1
414,TES,1,0,0
416,ACQ,1,0,0
416,LEA,1,0,0
416,PER,1,0,0
416,PI,1,0,0
416,PJM,3,1,1
416,REQ,2,0,0
416,SWE,2,0,0
416,TES,2,0,0
417,ACQ,2,0,0
417,LEA,2,0,0
417,PER,0,0,0
417,PI,2,0,0
417,PJM,2,1,1
417,REQ,3,1,1
417,SWE,3,0,0
417,TES,2,0,0
418,ACQ,0,0,0
418,LEA,0,0,0
418,PER,0,0,0
418,PI,1,0,0
418,PJM,2,1,1
418,REQ,2,1,1
418,SWE,2,0,0
418,TES,1,0,0
420,ACQ,0,0,0
420,LEA,1,0,0
420,PER,0,0,0
420,PI,0,0,0
420,PJM,0,0,0
420,REQ,2,0,0
420,SWE,3,1,0
420,TES,2,0,0
421,ACQ,0,0,0
421,LEA,1,0,0
421,PER,1,0,0
421,PI,1,0,0
421,PJM,1,0,0
421,REQ,2,0,0
421,SWE,4,1,0
421,TES,3,0,1
423,ACQ,1,0,0
423,LEA,1,0,0
423,PER,2,0,0
423,PI,1,0,0
423,PJM,1,0,0
423,REQ,1,0,0
423,SWE,3,0,0
423,TES,2,0,0
424,ACQ,0,0,0
424,LEA,2,0,0
424,PER,0,0,0
424,PI,0,0,0
424,PJM,2,0,0
424,REQ,2,0,0
424,SWE,3,1,1
424,TES,2,0,0
425,ACQ,0,0,0
425,LEA,3,1,0
425,PER,0,0,0
425,PI,0,0,0
425,PJM,2,0,0
425,REQ,0,0,0
425,SWE,4,1,1
425,TES,0,0,0
427,ACQ,2,0,0
427,LEA,3,0,0
427,PER,2,0,0
427,PI,2,0,0
427,PJM,3,0,0
427,REQ,2,0,0
427,SWE,2,0,0
427,TES,1,0,0
428,ACQ,0,0,0
428,LEA,0,0,0
428,PER,1,0,0
428,PI,2,0,0
428,PJM,3,1,1
428,REQ,3,1,1
428,SWE,1,0,0
428,TES,2,0,0
429,ACQ,2,0,0
429,LEA,2,0,0
429,PER,1,0,0
429,PI,3,1,1
429,PJM,3,1,1
429,REQ,3,1,1
429,SWE,2,0,0
429,TES,2,0,0
431,ACQ,0,0,0
431,LEA,0,0,0
431,PER,0,0,0
431,PI,1,0,0
431,PJM,0,0,0
431,REQ,2,0,0
431,SWE,3,1,0
431,TES,2,0,0
434,ACQ,0,0,0
434,LEA,0,0,0
434,PER,0,0,0
434,PI,2,0,0
434,PJM,1,0,0
434,REQ,2,0,0
434,SWE,3,0,0
434,TES,2,0,0
435,ACQ,0,0,0
435,LEA,0,0,0
435,PER,1,0,0
435,PI,0,0,0
435,PJM,0,0,0
435,REQ,1,0,1
435,SWE,3,1,1
435,TES,2,0,0
437,ACQ,1,1,0
437,LEA,0,0,0
437,PER,0,0,0
437,PI,1,1,1
437,PJM,1,0,0
437,REQ,3,1,1
437,SWE,1,0,0
437,TES,2,0,0
438,ACQ,2,1,0
438,LEA,2,1,1
438,PER,4,1,1
438,PI,2,1,1
438,PJM,3,1,1
438,REQ,3,0,0
438,SWE,1,0,0
438,TES,3,0,1
439,ACQ,1,0,0
439,LEA,2,0,0
439,PER,1,0,0
439,PI,2,0,0
439,PJM,1,0,0
439,REQ,1,0,0
439,SWE,4,1,0
439,TES,3,0,0
441,ACQ,0,0,0
441,LEA,0,0,0
441,PER,0,0,0
441,PI,0,0,0
441,PJM,0,0,0
441,REQ,1,0,0
441,SWE,3,1,0
441,TES,1,0,0
444,ACQ,1,1,0
444,LEA,2,1,0
444,PER,0,0,0
444,PI,1,0,0
444,PJM,2,1,1
444,REQ,3,1,1
444,SWE,1,0,0
444,TES,2,0,0
445,ACQ,0,0,0
445,LEA,0,0,0
445,PER,0,0,0
445,PI,0,0,0
445,PJM,0,0,0
445,REQ,0,0,0
445,SWE,3,1,1
445,TES,1,0,0
449,ACQ,2,0,0
449,LEA,2,0,0
449,PER,2,0,0
449,PI,2,0,0
449,PJM,2,0,1
449,REQ,3,0,0
449,SWE,3,0,0
449,TES,2,0,0
451,ACQ,3,1,1
451,LEA,3,1,1
451,PER,1,0,0
451,PI,3,1,1
451,PJM,3,1,1
451,REQ,2,1,0
451,SWE,2,0,0
451,TES,1,0,0
452,ACQ,0,0,0
452,LEA,0,0,0
452,PER,0,0,0
452,PI,0,0,0
452,PJM,1,0,0
452,REQ,1,0,0
452,SWE,3,1,0
452,TES,2,0,0
453,ACQ,2,0,0
453,LEA,3,0,0
453,PER,1,0,0
453,PI,2,0,0
453,PJM,4,0,0
453,REQ,2,0,0
453,SWE,4,1,1
453,TES,2,0,0
454,ACQ,0,0,0
454,LEA,2,0,0
454,PER,2,0,0
454,PI,1,0,0
454,PJM,2,0,0
454,REQ,1,0,0
454,SWE,3,1,0
454,TES,2,0,0
455,ACQ,0,0,0
455,LEA,2,1,0
455,PER,0,0,0
455,PI,0,0,0
455,PJM,1,1,0
455,REQ,2,1,1
455,SWE,1,0,0
455,TES,1,0,0
456,ACQ,1,0,0
456,LEA,1,0,0
456,PER,1,0,0
456,PI,1,0,0
456,PJM,2,1,1
456,REQ,2,1,1
456,SWE,2,0,0
456,TES,1,0,0
457,ACQ,1,0,0
457,LEA,1,0,0
457,PER,1,0,0
457,PI,1,0,0
457,PJM,2,0,0
457,REQ,2,0,1
457,SWE,3,1,1
457,TES,2,0,1
458,ACQ,1,0,0
458,LEA,3,1,1
458,PER,2,1,1
458,PI,4,1,1
458,PJM,3,1,1
458,REQ,2,0,0
458,SWE,1,0,0
458,TES,1,0,0
459,ACQ,0,0,0
459,LEA,0,0,0
459,PER,0,0,0
459,PI,0,0,0
459,PJM,0,0,0
459,REQ,0,0,0
459,SWE,0,0,0
459,TES,0,0,0
460,ACQ,0,0,0
460,LEA,0,0,0
460,PER,0,0,0
460,PI,0,0,0
460,PJM,1,0,0
460,REQ,1,0,0
460,SWE,3,1,1
460,TES,2,0,0
461,ACQ,0,0,0
461,LEA,0,0,0
461,PER,0,0,0
461,PI,0,0,0
461,PJM,1,0,0
461,REQ,1,0,0
461,SWE,4,1,1
461,TES,2,0,0
462,ACQ,0,0,0
462,LEA,1,0,0
462,PER,0,0,0
462,PI,1,0,0
462,PJM,1,0,0
462,REQ,2,1,0
462,SWE,1,0,0
462,TES,2,0,0
463,ACQ,0,0,0
463,LEA,1,0,0
463,PER,0,0,0
463,PI,0,0,0
463,PJM,1,0,0
463,REQ,0,0,0
463,SWE,2,1,0
463,TES,2,1,0
464,ACQ,0,0,0
464,LEA,1,1,0
464,PER,0,0,0
464,PI,0,0,0
464,PJM,1,1,0
464,REQ,0,0,0
464,SWE,3,1,1
464,TES,0,0,0
465,ACQ,0,0,0
465,LEA,1,0,0
465,PER,1,0,0
465,PI,3,1,0
465,PJM,1,0,0
465,REQ,2,0,0
465,SWE,4,1,1
465,TES,2,0,0
467,ACQ,0,0,0
467,LEA,1,0,0
467,PER,1,0,0
467,PI,0,0,0
467,PJM,0,0,0
467,REQ,2,0,0
467,SWE,3,1,1
467,TES,2,0,0
469,ACQ,1,0,0
469,LEA,2,0,0
469,PER,3,0,0
469,PI,1,0,0
469,PJM,1,0,0
469,REQ,2,0,0
469,SWE,4,1,1
469,TES,3,1,1
471,ACQ,0,0,0
471,LEA,1,0,0
471,PER,0,0,0
471,PI,3,1,1
471,PJM,1,0,1
471,REQ,2,0,0
471,SWE,1,0,0
471,TES,4,0,0
474,ACQ,1,0,0
474,LEA,2,0,0
474,PER,0,0,0
474,PI,3,1,0
474,PJM,2,0,0
474,REQ,3,1,0
474,SWE,2,1,0
474,TES,1,0,0
476,ACQ,1,0,0
476,LEA,0,0,0
476,PER,0,0,0
476,PI,0,0,0
476,PJM,0,0,0
476,REQ,2,0,0
476,SWE,0,0,0
476,TES,2,1,0
477,ACQ,0,0,0
477,LEA,0,0,0
477,PER,2,0,0
477,PI,0,0,0
477,PJM,1,0,0
477,REQ,2,1,0
477,SWE,4,1,0
477,TES,2,0,0
479,ACQ,0,0,0
479,LEA,0,1,0
479,PER,0,0,0
479,PI,0,0,0
479,PJM,0,0,0
479,REQ,1,1,1
479,SWE,3,0,0
479,TES,3,1,1
480,ACQ,3,0,1
480,LEA,4,0,1
480,PER,3,0,0
480,PI,2,0,0
480,PJM,4,0,0
480,REQ,2,0,0
480,SWE,1,0,0
480,TES,2,0,0
483,ACQ,0,0,0
483,LEA,0,0,0
483,PER,0,0,0
483,PI,0,0,0
483,PJM,0,0,0
483,REQ,0,0,0
483,SWE,3,1,0
483,TES,0,0,0
491,ACQ,0,0,0
491,LEA,0,0,0
491,PER,0,0,0
491,PI,0,0,0
491,PJM,0,0,0
491,REQ,0,0,0
491,SWE,3,1,1
491,TES,2,0,0
494,ACQ,0,0,0
494,LEA,0,0,0
494,PER,0,0,0
494,PI,0,0,0
494,PJM,3,0,0
494,REQ,3,1,1
494,SWE,2,0,0
494,TES,2,0,1
495,ACQ,2,0,0
495,LEA,1,0,0
495,PER,2,0,0
495,PI,2,0,0
495,PJM,2,1,1
495,REQ,1,1,1
495,SWE,4,1,0
495,TES,2,0,0
496,ACQ,0,0,0
496,LEA,0,0,0
496,PER,0,0,0
496,PI,0,0,0
496,PJM,1,0,0
496,REQ,0,0,0
496,SWE,0,0,0
496,TES,3,0,1
497,ACQ,0,0,0
497,LEA,0,0,0
497,PER,0,0,0
497,PI,1,0,0
497,PJM,1,0,0
497,REQ,1,0,0
497,SWE,3,1,1
497,TES,2,0,0
501,ACQ,0,0,0
501,LEA,3,0,0
501,PER,2,0,0
501,PI,1,0,0
501,PJM,3,0,0
501,REQ,1,0,0
501,SWE,3,0,0
501,TES,2,0,0
502,ACQ,0,0,0
502,LEA,2,1,0
502,PER,1,0,0
502,PI,1,1,0
502,PJM,1,1,0
502,REQ,2,1,0
502,SWE,4,1,1
502,TES,2,0,0
504,ACQ,0,0,0
504,LEA,1,1,0
504,PER,0,0,0
504,PI,1,1,0
504,PJM,1,1,0
504,REQ,2,1,1
504,SWE,1,0,0
504,TES,1,0,0
505,ACQ,0,0,0
505,LEA,0,0,0
505,PER,0,0,0
505,PI,0,0,0
505,PJM,0,0,0
505,REQ,0,0,0
505,SWE,2,1,0
505,TES,0,0,0
507,ACQ,0,0,0
507,LEA,0,0,0
507,PER,0,0,0
507,PI,0,0,0
507,PJM,1,0,0
507,REQ,1,1,0
507,SWE,2,1,0
507,TES,1,0,0
508,ACQ,0,0,0
508,LEA,2,0,0
508,PER,0,0,0
508,PI,0,0,0
508,PJM,0,0,0
508,REQ,0,0,0
508,SWE,3,1,1
508,TES,0,0,0
509,ACQ,0,0,0
509,LEA,0,0,0
509,PER,0,0,0
509,PI,0,0,0
509,PJM,0,0,0
509,REQ,0,0,0
509,SWE,0,0,0
509,TES,2,0,0
510,ACQ,0,0,0
510,LEA,0,0,0
510,PER,0,0,0
510,PI,0,0,0
510,PJM,0,0,0
510,REQ,0,0,0
510,SWE,3,0,1
510,TES,1,0,0
511,ACQ,0,0,0
511,LEA,0,0,0
511,PER,0,0,0
511,PI,0,0,0
511,PJM,0,0,0
511,REQ,2,1,1
511,SWE,0,0,0
511,TES,0,0,0
512,ACQ,2,0,0
512,LEA,2,0,0
512,PER,2,0,0
512,PI,2,0,0
512,PJM,1,1,1
512,REQ,3,0,0
512,SWE,1,1,1
512,TES,4,0,0
517,ACQ,0,0,0
517,LEA,0,0,0
517,PER,0,0,0
517,PI,0,0,0
517,PJM,0,0,0
517,REQ,0,0,0
517,SWE,3,1,0
517,TES,0,0,0
518,ACQ,0,0,0
518,LEA,2,0,0
518,PER,0,0,0
518,PI,1,0,0
518,PJM,2,1,0
518,REQ,3,1,0
518,SWE,3,1,0
518,TES,2,1,0
520,ACQ,0,0,0
520,LEA,0,0,0
520,PER,0,0,0
520,PI,0,0,0
520,PJM,1,0,0
520,REQ,1,1,0
520,SWE,2,1,1
520,TES,1,1,0
521,ACQ,0,0,0
521,LEA,1,0,0
521,PER,1,0,0
521,PI,1,0,0
521,PJM,1,0,0
521,REQ,1,1,0
521,SWE,3,1,1
521,TES,2,1,1
522,ACQ,2,1,0
522,LEA,2,0,0
522,PER,2,0,0
522,PI,2,0,0
522,PJM,2,0,0
522,REQ,2,1,0
522,SWE,1,0,0
522,TES,4,1,1
523,ACQ,0,0,0
523,LEA,2,0,0
523,PER,1,0,0
523,PI,1,0,0
523,PJM,2,0,1
523,REQ,3,1,1
523,SWE,3,0,1
523,TES,2,0,0
524,ACQ,0,0,0
524,LEA,0,0,0
524,PER,0,0,0
524,PI,1,0,1
524,PJM,4,1,1
524,REQ,2,1,0
524,SWE,1,0,0
524,TES,3,0,0
528,ACQ,0,0,0
528,LEA,2,0,0
528,PER,0,0,0
528,PI,2,1,0
528,PJM,3,1,1
528,REQ,2,0,0
528,SWE,1,0,0
528,TES,2,0,0
530,ACQ,0,0,0
530,LEA,0,0,0
530,PER,0,0,0
530,PI,0,0,0
530,PJM,1,0,0
530,REQ,2,1,0
530,SWE,4,0,0
530,TES,3,0,0
533,ACQ,0,0,0
533,LEA,2,0,1
533,PER,1,0,0
533,PI,1,0,0
533,PJM,2,0,0
533,REQ,2,0,0
533,SWE,4,1,1
533,TES,2,1,1
535,ACQ,0,0,0
535,LEA,0,0,0
535,PER,0,0,0
535,PI,0,0,0
535,PJM,0,0,0
535,REQ,1,0,0
535,SWE,3,1,1
535,TES,1,0,0
536,ACQ,0,0,0
536,LEA,1,0,0
536,PER,2,0,0
536,PI,0,0,0
536,PJM,1,0,0
536,REQ,1,0,0
536,SWE,3,1,0
536,TES,2,0,0
539,ACQ,0,0,0
539,LEA,0,0,0
539,PER,1,1,1
539,PI,1,0,0
539,PJM,0,0,0
539,REQ,1,1,1
539,SWE,3,1,1
539,TES,2,0,0
543,ACQ,0,0,0
543,LEA,0,0,0
543,PER,1,1,0
543,PI,1,0,0
543,PJM,0,0,0
543,REQ,1,0,0
543,SWE,3,1,1
543,TES,2,0,0
544,ACQ,1,0,0
544,LEA,1,0,0
544,PER,1,0,0
544,PI,1,0,0
544,PJM,3,1,1
544,REQ,2,1,1
544,SWE,2,0,0
544,TES,1,0,0
550,ACQ,1,0,0
550,LEA,2,0,0
550,PER,1,0,0
550,PI,2,0,0
550,PJM,2,0,0
550,REQ,3,0,0
550,SWE,2,0,0
550,TES,3,0,0
551,ACQ,0,0,0
551,LEA,0,0,0
551,PER,0,0,0
551,PI,0,0,0
551,PJM,0,0,0
551,REQ,1,0,0
551,SWE,3,1,1
551,TES,1,0,0
552,ACQ,0,0,0
552,LEA,0,0,0
552,PER,0,0,0
552,PI,0,0,0
552,PJM,1,0,0
552,REQ,1,0,0
552,SWE,3,1,1
552,TES,2,0,0
556,ACQ,0,0,0
556,LEA,1,0,0
556,PER,1,0,0
556,PI,1,0,0
556,PJM,0,0,0
556,REQ,1,0,0
556,SWE,4,0,0
556,TES,1,0,0
557,ACQ,0,0,0
557,LEA,0,0,0
557,PER,1,0,0
557,PI,0,0,0
557,PJM,0,0,0
557,REQ,0,0,0
557,SWE,3,1,0
557,TES,1,0,0
558,ACQ,1,0,0
558,LEA,2,0,1
558,PER,1,0,0
558,PI,2,0,0
558,PJM,2,0,0
558,REQ,2,0,0
558,SWE,4,1,0
558,TES,3,0,0
559,ACQ,0,0,0
559,LEA,2,0,0
559,PER,1,0,0
559,PI,1,0,0
559,PJM,2,0,0
559,REQ,3,0,0
559,SWE,4,1,1
559,TES,3,0,0
561,ACQ,0,0,0
561,LEA,0,0,0
561,PER,0,0,0
561,PI,0,0,0
561,PJM,1,1,0
561,REQ,1,0,0
561,SWE,3,1,1
561,TES,2,0,0
562,ACQ,0,0,0
562,LEA,1,0,0
562,PER,0,0,0
562,PI,1,0,0
562,PJM,2,0,0
562,REQ,1,0,0
562,SWE,3,0,0
562,TES,1,0,0
563,ACQ,0,0,0
563,LEA,0,0,0
563,PER,1,0,0
563,PI,1,0,0
563,PJM,1,0,0
563,REQ,1,0,0
563,SWE,3,1,0
563,TES,2,0,0
567,ACQ,0,0,0
567,LEA,0,0,0
567,PER,0,0,0
567,PI,0,0,0
567,PJM,2,0,0
567,REQ,2,1,0
567,SWE,3,1,1
567,TES,1,0,0
569,ACQ,0,0,0
569,LEA,0,0,0
569,PER,0,0,0
569,PI,1,0,0
569,PJM,2,0,0
569,REQ,2,1,0
569,SWE,2,0,0
569,TES,2,0,0
571,ACQ,0,0,0
571,LEA,1,0,0
571,PER,0,0,0
571,PI,0,0,0
571,PJM,0,0,0
571,REQ,1,0,0
571,SWE,1,0,0
571,TES,3,0,1
573,ACQ,0,0,0
573,LEA,1,0,0
573,PER,1,0,0
573,PI,1,0,0
573,PJM,1,0,0
573,REQ,2,0,0
573,SWE,1,0,0
573,TES,4,1,1
574,ACQ,0,0,0
574,LEA,0,0,0
574,PER,0,0,0
574,PI,0,0,0
574,PJM,0,0,0
574,REQ,1,0,0
574,SWE,3,1,1
574,TES,1,0,0
579,ACQ,0,0,0
579,LEA,0,0,0
579,PER,0,0,0
579,PI,0,0,0
579,PJM,0,0,0
579,REQ,0,0,0
579,SWE,1,1,1
579,TES,0,0,0
580,ACQ,0,0,0
580,LEA,0,0,0
580,PER,0,0,0
580,PI,0,0,0
580,PJM,0,0,0
580,REQ,0,0,0
580,SWE,0,0,0
580,TES,3,0,0
581,ACQ,0,0,0
581,LEA,0,0,0
581,PER,0,0,0
581,PI,0,0,0
581,PJM,0,0,0
581,REQ,0,0,0
581,SWE,0,0,0
581,TES,3,0,0
582,ACQ,0,0,0
582,LEA,0,0,0
582,PER,0,0,0
582,PI,0,0,0
582,PJM,0,0,0
582,REQ,1,0,1
582,SWE,1,0,1
582,TES,3,1,0
583,ACQ,0,0,0
583,LEA,3,0,0
583,PER,0,0,0
583,PI,0,0,0
583,PJM,3,1,1
583,REQ,3,1,1
583,SWE,2,0,0
583,TES,1,0,0
584,ACQ,1,0,0
584,LEA,2,0,0
584,PER,1,0,0
584,PI,2,1,1
584,PJM,3,1,0
584,REQ,3,1,1
584,SWE,1,0,0
584,TES,1,0,0
585,ACQ,0,0,0
585,LEA,0,0,0
585,PER,0,0,0
585,PI,1,0,0
585,PJM,1,0,0
585,REQ,1,0,0
585,SWE,3,1,1
585,TES,2,0,0
586,ACQ,1,1,0
586,LEA,3,1,0
586,PER,2,0,0
586,PI,4,1,0
586,PJM,3,1,0
586,REQ,2,0,0
586,SWE,3,0,0
586,TES,1,0,0
588,ACQ,1,0,0
588,LEA,2,0,0
588,PER,2,0,0
588,PI,1,0,0
588,PJM,1,0,0
588,REQ,3,1,0
588,SWE,3,1,0
588,TES,1,0,0
590,ACQ,0,0,0
590,LEA,0,0,0
590,PER,0,0,0
590,PI,1,0,0
590,PJM,1,0,0
590,REQ,1,0,0
590,SWE,3,1,1
590,TES,1,0,0
592,ACQ,0,0,0
592,LEA,1,0,0
592,PER,1,0,0
592,PI,1,0,0
592,PJM,1,0,0
592,REQ,2,1,0
592,SWE,3,1,1
592,TES,1,0,0
593,ACQ,3,1,0
593,LEA,2,0,0
593,PER,2,0,0
593,PI,2,0,0
593,PJM,2,0,0
593,REQ,3,0,1
593,SWE,2,1,1
593,TES,4,0,1
594,ACQ,0,0,0
594,LEA,0,0,0
594,PER,0,0,0
594,PI,0,0,0
594,PJM,1,0,0
594,REQ,2,1,1
594,SWE,0,0,0
594,TES,2,1,1
595,ACQ,2,0,0
595,LEA,3,1,1
595,PER,2,0,0
595,PI,1,0,0
595,PJM,3,1,1
595,REQ,2,0,0
595,SWE,4,1,0
595,TES,1,0,0
596,ACQ,0,0,0
596,LEA,1,0,0
596,PER,1,0,0
596,PI,0,0,0
596,PJM,1,0,0
596,REQ,2,0,0
596,SWE,3,1,1
596,TES,2,0,0
598,ACQ,1,0,0
598,LEA,2,0,0
598,PER,3,0,0
598,PI,3,0,0
598,PJM,2,0,0
598,REQ,2,0,0
598,SWE,4,1,1
598,TES,3,0,0
601,ACQ,0,0,0
601,LEA,2,0,1
601,PER,3,0,0
601,PI,3,0,0
601,PJM,2,0,1
601,REQ,3,1,0
601,SWE,4,1,1
601,TES,2,0,0
602,ACQ,0,0,0
602,LEA,2,0,0
602,PER,1,0,0
602,PI,0,0,0
602,PJM,1,0,0
602,REQ,1,0,0
602,SWE,3,1,1
602,TES,1,0,0
605,ACQ,0,0,0
605,LEA,0,0,0
605,PER,0,0,0
605,PI,1,0,0
605,PJM,2,0,0
605,REQ,2,1,0
605,SWE,2,0,0
605,TES,2,0,0
606,ACQ,0,0,0
606,LEA,0,0,0
606,PER,0,0,0
606,PI,0,0,0
606,PJM,1,1,0
606,REQ,2,1,1
606,SWE,0,0,0
606,TES,1,0,0
607,ACQ,0,0,0
607,LEA,0,0,0
607,PER,0,0,0
607,PI,3,0,0
607,PJM,2,0,0
607,REQ,3,0,0
607,SWE,1,0,0
607,TES,4,1,1
608,ACQ,0,0,0
608,LEA,0,0,0
608,PER,0,0,0
608,PI,0,0,0
608,PJM,2,1,1
608,REQ,2,1,1
608,SWE,1,0,0
608,TES,2,0,0
613,ACQ,0,0,0
613,LEA,0,0,0
613,PER,0,0,0
613,PI,0,0,0
613,PJM,0,0,1
613,REQ,2,0,0
613,SWE,4,0,0
613,TES,2,0,0
615,ACQ,0,0,0
615,LEA,0,0,0
615,PER,0,0,0
615,PI,0,0,0
615,PJM,1,0,0
615,REQ,1,1,0
615,SWE,2,1,1
615,TES,2,0,0
617,ACQ,1,0,0
617,LEA,1,0,0
617,PER,1,0,0
617,PI,2,0,0
617,PJM,2,1,1
617,REQ,1,0,0
617,SWE,2,0,0
617,TES,3,1,1
619,ACQ,1,0,0
619,LEA,2,0,1
619,PER,1,0,0
619,PI,2,0,0
619,PJM,3,1,1
619,REQ,3,1,1
619,SWE,2,0,0
619,TES,1,0,0
620,ACQ,0,0,0
620,LEA,2,1,0
620,PER,0,0,0
620,PI,2,0,0
620,PJM,2,0,0
620,REQ,2,1,0
620,SWE,4,1,1
620,TES,3,0,0
622,ACQ,0,0,0
622,LEA,0,0,0
622,PER,0,0,0
622,PI,0,0,0
622,PJM,1,0,0
622,REQ,0,0,0
622,SWE,1,0,0
622,TES,3,1,1
623,ACQ,1,0,0
623,LEA,2,0,0
623,PER,1,0,0
623,PI,2,0,0
623,PJM,2,1,1
623,REQ,3,1,1
623,SWE,2,0,0
623,TES,2,1,0
624,ACQ,0,0,0
624,LEA,1,0,0
624,PER,1,0,0
624,PI,1,0,0
624,PJM,1,0,0
624,REQ,2,1,0
624,SWE,4,1,1
624,TES,2,1,0
626,ACQ,0,0,0
626,LEA,0,0,0
626,PER,0,0,0
626,PI,0,0,0
626,PJM,0,0,0
626,REQ,0,0,0
626,SWE,0,0,0
626,TES,2,0,0
627,ACQ,0,0,0
627,LEA,0,0,0
627,PER,0,0,0
627,PI,0,0,0
627,PJM,0,0,0
627,REQ,0,0,0
627,SWE,0,0,0
627,TES,2,1,1
629,ACQ,0,0,0
629,LEA,2,1,1
629,PER,0,0,0
629,PI,0,0,0
629,PJM,0,0,0
629,REQ,0,0,0
629,SWE,0,0,0
629,TES,3,1,0
632,ACQ,0,0,0
632,LEA,1,0,0
632,PER,2,0,0
632,PI,1,0,0
632,PJM,3,0,0
632,REQ,1,0,1
632,SWE,3,1,1
632,TES,1,0,1
633,ACQ,1,0,0
633,LEA,2,1,0
633,PER,2,0,0
633,PI,2,0,0
633,PJM,3,1,0
633,REQ,3,1,0
633,SWE,1,0,0
633,TES,1,0,0
634,ACQ,0,0,0
634,LEA,0,0,0
634,PER,0,0,0
634,PI,0,0,0
634,PJM,0,0,0
634,REQ,0,0,0
634,SWE,3,1,1
634,TES,0,0,0
636,ACQ,0,0,0
636,LEA,2,0,0
636,PER,1,0,0
636,PI,1,0,0
636,PJM,2,0,0
636,REQ,2,0,0
636,SWE,3,0,0
636,TES,1,0,0
638,ACQ,0,0,0
638,LEA,0,0,0
638,PER,2,0,0
638,PI,1,0,0
638,PJM,1,1,0
638,REQ,2,1,1
638,SWE,3,1,1
638,TES,1,0,0
639,ACQ,0,0,0
639,LEA,0,0,0
639,PER,0,0,0
639,PI,2,0,0
639,PJM,3,1,1
639,REQ,1,0,1
639,SWE,0,0,0
639,TES,0,0,0
641,ACQ,0,0,0
641,LEA,0,0,0
641,PER,0,0,0
641,PI,0,0,0
641,PJM,1,1,0
641,REQ,2,1,0
641,SWE,1,0,0
641,TES,2,0,0
643,ACQ,0,0,0
643,LEA,0,0,0
643,PER,1,0,0
643,PI,1,0,0
643,PJM,1,0,0
643,REQ,1,0,0
643,SWE,3,0,0
643,TES,2,0,0
645,ACQ,0,0,0
645,LEA,1,1,0
645,PER,0,0,0
645,PI,0,0,0
645,PJM,1,1,0
645,REQ,2,1,1
645,SWE,2,1,1
645,TES,4,1,1
647,ACQ,0,0,0
647,LEA,0,0,0
647,PER,0,0,0
647,PI,0,0,0
647,PJM,0,0,0
647,REQ,1,0,0
647,SWE,2,1,1
647,TES,1,0,0
650,ACQ,0,0,0
650,LEA,2,1,0
650,PER,0,0,0
650,PI,2,0,0
650,PJM,2,1,0
650,REQ,2,1,0
650,SWE,1,0,0
650,TES,2,0,0
653,ACQ,0,0,0
653,LEA,2,0,0
653,PER,1,0,0
653,PI,1,0,0
653,PJM,0,0,0
653,REQ,1,0,0
653,SWE,4,1,1
653,TES,2,0,0
654,ACQ,0,0,0
654,LEA,2,0,0
654,PER,0,0,0
654,PI,2,1,1
654,PJM,2,1,1
654,REQ,4,1,1
654,SWE,1,0,0
654,TES,0,0,0
655,ACQ,2,0,1
655,LEA,2,0,1
655,PER,0,0,0
655,PI,1,0,1
655,PJM,3,1,1
655,REQ,2,0,0
655,SWE,2,0,0
655,TES,0,0,0
659,ACQ,0,0,0
659,LEA,0,0,0
659,PER,0,0,0
659,PI,2,0,0
659,PJM,2,0,0
659,REQ,3,1,0
659,SWE,0,0,0
659,TES,2,0,0
661,ACQ,0,0,0
661,LEA,2,0,1
661,PER,2,0,0
661,PI,2,0,1
661,PJM,1,0,1
661,REQ,2,0,0
661,SWE,3,0,0
661,TES,4,1,0
662,ACQ,0,0,0
662,LEA,0,1,0
662,PER,0,0,1
662,PI,0,0,0
662,PJM,0,1,0
662,REQ,0,0,1
662,SWE,0,1,0
662,TES,0,0,1
664,ACQ,0,0,0
664,LEA,0,0,0
664,PER,0,0,0
664,PI,0,0,0
664,PJM,0,0,0
664,REQ,1,0,0
664,SWE,4,1,0
664,TES,1,0,0
666,ACQ,0,0,0
666,LEA,0,0,0
666,PER,0,0,0
666,PI,0,0,0
666,PJM,0,0,0
666,REQ,0,0,0
666,SWE,3,1,1
666,TES,1,0,0
668,ACQ,0,0,0
668,LEA,0,0,0
668,PER,0,0,0
668,PI,0,0,0
668,PJM,2,1,0
668,REQ,1,1,0
668,SWE,1,0,0
668,TES,2,0,0
671,ACQ,0,0,0
671,LEA,0,0,0
671,PER,0,0,0
671,PI,0,0,0
671,PJM,0,0,0
671,REQ,0,0,0
671,SWE,2,1,1
671,TES,0,0,0
672,ACQ,0,0,0
672,LEA,2,0,0
672,PER,0,0,0
672,PI,2,1,0
672,PJM,3,1,0
672,REQ,3,1,0
672,SWE,1,0,0
672,TES,2,0,0
674,ACQ,0,0,0
674,LEA,0,0,0
674,PER,0,0,0
674,PI,0,0,0
674,PJM,0,0,0
674,REQ,0,0,0
674,SWE,3,1,1
674,TES,0,0,0
676,ACQ,0,0,0
676,LEA,0,0,0
676,PER,0,0,0
676,PI,1,0,0
676,PJM,0,0,0
676,REQ,1,0,0
676,SWE,3,1,1
676,TES,1,0,0
679,ACQ,0,0,0
679,LEA,0,0,0
679,PER,0,0,0
679,PI,0,0,0
679,PJM,0,0,0
679,REQ,1,0,0
679,SWE,4,0,0
679,TES,1,0,0
681,ACQ,2,0,1
681,LEA,3,1,1
681,PER,2,1,0
681,PI,2,1,0
681,PJM,3,1,1
681,REQ,3,1,1
681,SWE,3,0,0
681,TES,2,0,0
686,ACQ,0,0,0
686,LEA,0,0,0
686,PER,0,0,0
686,PI,0,0,0
686,PJM,1,0,1
686,REQ,3,0,1
686,SWE,4,1,1
686,TES,3,0,1
687,ACQ,0,0,0
687,LEA,0,0,0
687,PER,0,0,0
687,PI,0,0,0
687,PJM,0,0,0
687,REQ,1,0,0
687,SWE,2,0,0
687,TES,1,0,0
690,ACQ,0,0,0
690,LEA,1,0,0
690,PER,1,0,0
690,PI,2,1,1
690,PJM,3,1,1
690,REQ,3,1,1
690,SWE,1,0,0
690,TES,2,0,0
691,ACQ,0,0,0
691,LEA,2,0,0
691,PER,0,0,0
691,PI,1,0,0
691,PJM,3,0,0
691,REQ,2,0,0
691,SWE,1,0,0
691,TES,3,0,0
694,ACQ,0,0,0
694,LEA,3,1,0
694,PER,0,0,0
694,PI,2,1,0
694,PJM,3,1,0
694,REQ,1,0,0
694,SWE,2,0,0
694,TES,2,0,0
696,ACQ,0,0,0
696,LEA,0,0,0
696,PER,1,0,0
696,PI,0,0,0
696,PJM,3,0,0
696,REQ,1,1,1
696,SWE,0,0,0
696,TES,1,0,0
698,ACQ,0,0,0
698,LEA,3,0,1
698,PER,1,0,0
698,PI,2,0,1
698,PJM,3,0,0
698,REQ,3,0,0
698,SWE,1,0,0
698,TES,4,1,0
700,ACQ,0,0,0
700,LEA,1,0,0
700,PER,2,0,0
700,PI,0,0,0
700,PJM,1,0,0
700,REQ,2,0,0
700,SWE,3,1,0
700,TES,3,1,0
701,ACQ,3,0,0
701,LEA,3,0,0
701,PER,0,0,0
701,PI,3,0,1
701,PJM,4,1,0
701,REQ,2,0,1
701,SWE,1,0,0
701,TES,2,0,1
702,ACQ,2,0,0
702,LEA,2,0,0
702,PER,2,0,0
702,PI,2,1,1
702,PJM,2,1,1
702,REQ,1,1,1
702,SWE,4,1,1
702,TES,2,0,0
704,ACQ,1,0,0
704,LEA,0,0,0
704,PER,0,0,0
704,PI,2,1,1
704,PJM,1,0,0
704,REQ,2,1,0
704,SWE,2,1,1
704,TES,2,0,0
705,ACQ,0,0,0
705,LEA,1,0,0
705,PER,2,1,0
705,PI,3,1,0
705,PJM,2,1,1
705,REQ,2,0,0
705,SWE,3,1,1
705,TES,2,0,0
706,ACQ,0,0,0
706,LEA,0,0,0
706,PER,0,0,0
706,PI,2,1,0
706,PJM,2,1,1
706,REQ,3,1,1
706,SWE,0,0,0
706,TES,2,0,0
707,ACQ,0,0,0
707,LEA,0,0,0
707,PER,0,0,0
707,PI,1,0,0
707,PJM,3,1,1
707,REQ,2,1,1
707,SWE,1,0,0
707,TES,3,0,1
708,ACQ,2,1,0
708,LEA,1,1,0
708,PER,1,0,1
708,PI,1,1,1
708,PJM,2,0,0
708,REQ,2,1,1
708,SWE,4,1,0
708,TES,2,0,0
710,ACQ,2,0,0
710,LEA,1,0,0
710,PER,0,0,0
710,PI,2,0,0
710,PJM,3,0,1
710,REQ,2,0,0
710,SWE,4,1,0
710,TES,2,1,0
713,ACQ,0,0,0
713,LEA,0,0,0
713,PER,0,0,0
713,PI,0,0,0
713,PJM,2,0,0
713,REQ,2,0,0
713,SWE,1,0,0
713,TES,2,0,0
714,ACQ,0,0,0
714,LEA,0,0,0
714,PER,0,0,0
714,PI,1,0,0
714,PJM,2,0,0
714,REQ,2,0,0
714,SWE,3,0,0
714,TES,2,0,0
715,ACQ,0,0,0
715,LEA,1,0,0
715,PER,1,0,0
715,PI,2,0,0
715,PJM,2,0,0
715,REQ,2,0,0
715,SWE,3,0,1
715,TES,3,0,1
717,ACQ,0,0,0
717,LEA,2,1,0
717,PER,1,0,0
717,PI,1,0,0
717,PJM,2,1,0
717,REQ,1,0,0
717,SWE,4,1,1
717,TES,0,0,0
718,ACQ,0,0,0
718,LEA,0,0,0
718,PER,0,0,0
718,PI,1,0,0
718,PJM,1,0,0
718,REQ,2,0,0
718,SWE,3,0,0
718,TES,1,0,0
719,ACQ,0,0,0
719,LEA,1,0,0
719,PER,0,0,0
719,PI,0,0,0
719,PJM,1,0,0
719,REQ,2,0,0
719,SWE,1,0,0
719,TES,4,1,1
724,ACQ,0,0,0
724,LEA,2,0,0
724,PER,0,0,0
724,PI,0,0,0
724,PJM,1,0,0
724,REQ,1,0,0
724,SWE,3,1,1
724,TES,1,0,0
726,ACQ,0,0,0
726,LEA,0,0,0
726,PER,1,0,0
726,PI,1,0,0
726,PJM,1,0,0
726,REQ,1,0,0
726,SWE,3,1,1
726,TES,2,0,1
728,ACQ,0,0,0
728,LEA,0,0,0
728,PER,1,0,0
728,PI,1,0,0
728,PJM,0,0,0
728,REQ,1,0,0
728,SWE,1,1,1
728,TES,3,1,0
729,ACQ,0,0,0
729,LEA,0,0,0
729,PER,0,0,0
729,PI,0,0,0
729,PJM,1,0,0
729,REQ,2,0,0
729,SWE,3,1,1
729,TES,1,0,0
732,ACQ,0,0,0
732,LEA,0,0,0
732,PER,0,0,0
732,PI,0,0,0
732,PJM,0,0,0
732,REQ,0,0,0
732,SWE,2,1,1
732,TES,1,0,0
734,ACQ,0,0,0
734,LEA,0,0,0
734,PER,0,0,0
734,PI,0,0,0
734,PJM,1,0,0
734,REQ,1,0,0
734,SWE,3,1,1
734,TES,2,0,0
735,ACQ,1,0,0
735,LEA,2,1,0
735,PER,1,0,0
735,PI,1,0,0
735,PJM,2,1,0
735,REQ,2,1,0
735,SWE,3,1,0
735,TES,4,1,0
736,ACQ,2,0,0
736,LEA,2,0,0
736,PER,1,0,0
736,PI,2,0,0
736,PJM,3,0,0
736,REQ,3,0,0
736,SWE,3,0,0
736,TES,3,0,0
737,ACQ,0,0,0
737,LEA,1,0,0
737,PER,0,0,0
737,PI,0,0,0
737,PJM,1,0,0
737,REQ,1,1,1
737,SWE,0,0,0
737,TES,3,1,1
739,ACQ,0,0,0
739,LEA,1,0,0
739,PER,0,0,0
739,PI,1,0,0
739,PJM,1,0,0
739,REQ,2,1,0
739,SWE,2,1,0
739,TES,1,0,0
741,ACQ,0,0,0
741,LEA,2,0,0
741,PER,0,0,0
741,PI,0,0,0
741,PJM,1,0,0
741,REQ,1,0,0
741,SWE,1,0,0
741,TES,3,0,0
742,ACQ,1,0,0
742,LEA,2,1,0
742,PER,1,0,0
742,PI,1,1,0
742,PJM,2,1,1
742,REQ,3,1,0
742,SWE,4,1,1
742,TES,2,0,0
750,ACQ,0,0,0
750,LEA,0,0,0
750,PER,0,0,0
750,PI,0,0,0
750,PJM,1,0,0
750,REQ,1,0,0
750,SWE,1,0,0
750,TES,0,0,0
753,ACQ,0,0,0
753,LEA,1,1,1
753,PER,1,1,0
753,PI,1,0,0
753,PJM,1,0,0
753,REQ,2,1,0
753,SWE,3,1,0
753,TES,1,0,0
754,ACQ,0,0,0
754,LEA,2,0,1
754,PER,4,1,0
754,PI,3,1,0
754,PJM,2,0,1
754,REQ,3,1,0
754,SWE,4,1,1
754,TES,1,0,1
755,ACQ,0,0,0
755,LEA,0,0,0
755,PER,0,0,0
755,PI,0,0,0
755,PJM,0,0,0
755,REQ,1,0,0
755,SWE,2,1,1
755,TES,1,0,0
758,ACQ,1,0,0
758,LEA,1,0,0
758,PER,1,0,0
758,PI,1,1,0
758,PJM,1,0,0
758,REQ,2,0,0
758,SWE,3,1,1
758,TES,2,1,0
760,ACQ,3,0,0
760,LEA,3,1,1
760,PER,3,0,0
760,PI,3,0,0
760,PJM,3,1,1
760,REQ,3,0,0
760,SWE,4,1,1
760,TES,3,0,0
761,ACQ,1,0,0
761,LEA,0,0,0
761,PER,1,0,0
761,PI,1,1,1
761,PJM,1,0,1
761,REQ,1,0,0
761,SWE,2,0,1
761,TES,4,0,0
762,ACQ,0,0,0
762,LEA,0,0,0
762,PER,0,0,0
762,PI,0,0,0
762,PJM,1,0,0
762,REQ,1,0,0
762,SWE,2,0,0
762,TES,2,0,0
763,ACQ,1,0,0
763,LEA,1,1,1
763,PER,0,0,0
763,PI,1,0,0
763,PJM,1,1,1
763,REQ,1,0,0
763,SWE,3,1,1
763,TES,1,0,0
764,ACQ,0,0,0
764,LEA,0,0,0
764,PER,0,0,0
764,PI,0,0,0
764,PJM,0,0,0
764,REQ,1,0,0
764,SWE,2,1,1
764,TES,1,0,0
766,ACQ,0,0,0
766,LEA,0,0,0
766,PER,0,0,0
766,PI,1,0,0
766,PJM,1,0,0
766,REQ,2,0,0
766,SWE,2,0,1
766,TES,1,0,1
770,ACQ,3,0,0
770,LEA,3,0,1
770,PER,2,0,0
770,PI,3,0,0
770,PJM,3,0,1
770,REQ,2,0,0
770,SWE,4,0,0
770,TES,4,0,0
771,ACQ,0,0,0
771,LEA,2,0,0
771,PER,0,0,0
771,PI,1,0,0
771,PJM,3,0,0
771,REQ,3,1,1
771,SWE,4,1,1
771,TES,1,0,0
772,ACQ,0,0,0
772,LEA,0,0,0
772,PER,0,0,0
772,PI,0,0,0
772,PJM,0,0,0
772,REQ,0,0,0
772,SWE,3,0,1
772,TES,0,0,0
773,ACQ,0,0,0
773,LEA,1,0,0
773,PER,2,0,0
773,PI,3,1,1
773,PJM,2,1,1
773,REQ,2,1,1
773,SWE,1,0,0
773,TES,1,0,0
777,ACQ,1,0,0
777,LEA,0,0,0
777,PER,1,0,0
777,PI,1,0,0
777,PJM,2,0,0
777,REQ,1,0,0
777,SWE,3,0,1
777,TES,2,0,0
782,ACQ,1,0,0
782,LEA,2,0,0
782,PER,3,0,1
782,PI,3,0,0
782,PJM,2,0,0
782,REQ,2,0,0
782,SWE,3,1,1
782,TES,4,1,1
783,ACQ,0,0,0
783,LEA,0,0,0
783,PER,1,0,0
783,PI,1,0,0
783,PJM,0,0,0
783,REQ,2,1,1
783,SWE,2,0,0
783,TES,3,0,1
784,ACQ,0,0,0
784,LEA,1,0,0
784,PER,1,0,0
784,PI,0,0,0
784,PJM,0,0,0
784,REQ,2,0,0
784,SWE,3,1,0
784,TES,2,0,0
787,ACQ,1,0,0
787,LEA,0,0,0
787,PER,0,0,0
787,PI,2,0,0
787,PJM,3,1,1
787,REQ,3,1,1
787,SWE,1,0,0
787,TES,1,0,0
789,ACQ,2,0,0
789,LEA,1,0,0
789,PER,1,0,0
789,PI,1,1,0
789,PJM,2,1,0
789,REQ,3,1,1
789,SWE,3,0,1
789,TES,1,0,0
790,ACQ,0,0,0
790,LEA,0,0,0
790,PER,0,0,0
790,PI,0,0,0
790,PJM,1,0,0
790,REQ,1,0,0
790,SWE,3,1,1
790,TES,2,0,0
791,ACQ,0,0,0
791,LEA,0,0,0
791,PER,0,0,0
791,PI,0,0,0
791,PJM,0,0,0
791,REQ,1,0,0
791,SWE,2,0,0
791,TES,2,0,1
793,ACQ,1,0,0
793,LEA,1,0,1
793,PER,1,0,0
793,PI,1,0,0
793,PJM,1,0,1
793,REQ,2,0,0
793,SWE,3,1,1
793,TES,2,0,0
794,ACQ,0,0,0
794,LEA,2,1,1
794,PER,1,0,0
794,PI,2,0,0
794,PJM,1,1,1
794,REQ,2,0,0
794,SWE,2,1,1
794,TES,2,0,0
795,ACQ,0,0,0
795,LEA,0,0,0
795,PER,0,0,0
795,PI,0,0,0
795,PJM,0,0,0
795,REQ,1,0,0
795,SWE,2,0,0
795,TES,2,0,1
797,ACQ,1,0,1
797,LEA,3,0,1
797,PER,3,1,0
797,PI,1,0,1
797,PJM,1,0,1
797,REQ,2,0,1
797,SWE,4,1,0
797,TES,1,0,1
798,ACQ,0,0,0
798,LEA,2,0,1
798,PER,0,0,0
798,PI,0,0,0
798,PJM,2,0,0
798,REQ,1,0,0
798,SWE,3,0,0
798,TES,2,0,0
801,ACQ,2,0,0
801,LEA,1,0,0
801,PER,2,0,0
801,PI,2,1,1
801,PJM,2,1,1
801,REQ,2,1,0
801,SWE,1,0,0
801,TES,2,0,0
803,ACQ,0,0,0
803,LEA,0,0,0
803,PER,2,0,0
803,PI,0,0,0
803,PJM,0,0,0
803,REQ,2,1,0
803,SWE,3,1,1
803,TES,2,0,0
805,ACQ,1,0,0
805,LEA,1,0,0
805,PER,1,0,0
805,PI,1,0,0
805,PJM,1,0,0
805,REQ,2,1,0
805,SWE,1,1,0
805,TES,1,1,0
807,ACQ,2,0,0
807,LEA,1,0,0
807,PER,1,1,0
807,PI,1,1,0
807,PJM,2,1,0
807,REQ,2,1,0
807,SWE,2,0,0
807,TES,3,0,0
808,ACQ,0,0,0
808,LEA,2,0,0
808,PER,2,0,0
808,PI,0,0,0
808,PJM,1,0,0
808,REQ,2,0,0
808,SWE,3,1,1
808,TES,2,0,0
813,ACQ,3,0,1
813,LEA,4,0,1
813,PER,3,0,1
813,PI,2,0,0
813,PJM,4,1,1
813,REQ,2,0,0
813,SWE,2,0,0
813,TES,3,0,0
814,ACQ,0,0,0
814,LEA,0,0,0
814,PER,0,0,0
814,PI,1,0,0
814,PJM,1,0,0
814,REQ,2,0,0
814,SWE,3,1,0
814,TES,2,0,0
815,ACQ,0,0,0
815,LEA,3,1,1
815,PER,2,0,0
815,PI,3,0,0
815,PJM,2,0,0
815,REQ,2,0,0
815,SWE,3,1,1
815,TES,2,0,0
817,ACQ,0,0,0
817,LEA,2,0,0
817,PER,1,0,0
817,PI,1,0,0
817,PJM,2,0,0
817,REQ,2,1,0
817,SWE,2,1,1
817,TES,2,0,0
818,ACQ,0,0,0
818,LEA,2,0,0
818,PER,2,0,0
818,PI,1,0,0
818,PJM,2,0,0
818,REQ,2,0,0
818,SWE,3,1,0
818,TES,2,0,0
820,ACQ,0,0,0
820,LEA,1,1,1
820,PER,1,0,0
820,PI,0,0,0
820,PJM,1,0,0
820,REQ,2,0,0
820,SWE,3,1,1
820,TES,3,1,1
823,ACQ,1,0,0
823,LEA,3,1,1
823,PER,2,1,1
823,PI,1,0,0
823,PJM,1,0,0
823,REQ,2,0,0
823,SWE,2,0,0
823,TES,4,1,1
824,ACQ,0,0,0
824,LEA,0,0,0
824,PER,0,0,0
824,PI,1,0,0
824,PJM,1,0,0
824,REQ,2,1,1
824,SWE,2,1,1
824,TES,2,1,1
825,ACQ,2,0,0
825,LEA,2,0,0
825,PER,3,0,0
825,PI,3,1,1
825,PJM,1,0,0
825,REQ,2,0,0
825,SWE,3,1,1
825,TES,2,0,0
828,ACQ,2,0,0
828,LEA,3,1,0
828,PER,2,0,0
828,PI,2,0,0
828,PJM,4,0,1
828,REQ,2,0,0
828,SWE,3,0,0
828,TES,2,0,0
829,ACQ,0,0,0
829,LEA,2,0,0
829,PER,1,0,0
829,PI,1,0,0
829,PJM,1,0,0
829,REQ,3,0,1
829,SWE,2,0,0
829,TES,3,1,1
830,ACQ,0,0,0
830,LEA,0,0,0
830,PER,0,0,0
830,PI,0,0,0
830,PJM,0,0,0
830,REQ,0,0,1
830,SWE,2,1,1
830,TES,2,1,1
833,ACQ,4,0,1
833,LEA,3,0,1
833,PER,2,0,0
833,PI,2,0,1
833,PJM,2,0,0
833,REQ,2,0,0
833,SWE,1,0,0
833,TES,1,0,0
836,ACQ,0,0,0
836,LEA,0,0,0
836,PER,0,0,0
836,PI,0,0,0
836,PJM,1,0,0
836,REQ,2,0,0
836,SWE,2,0,0
836,TES,1,0,0
840,ACQ,0,0,0
840,LEA,1,1,1
840,PER,1,0,0
840,PI,1,0,0
840,PJM,1,1,0
840,REQ,1,0,0
840,SWE,3,1,1
840,TES,1,0,0
843,ACQ,0,0,0
843,LEA,0,0,0
843,PER,0,0,0
843,PI,0,0,0
843,PJM,0,0,0
843,REQ,0,0,0
843,SWE,3,1,1
843,TES,2,1,0
848,ACQ,2,1,0
848,LEA,3,1,0
848,PER,3,1,0
848,PI,3,1,0
848,PJM,4,1,0
848,REQ,2,0,0
848,SWE,3,0,0
848,TES,2,0,0
849,ACQ,0,0,0
849,LEA,0,0,1
849,PER,2,0,0
849,PI,2,0,0
849,PJM,2,0,1
849,REQ,2,0,0
849,SWE,3,1,0
849,TES,3,1,0
850,ACQ,0,0,0
850,LEA,0,0,0
850,PER,0,0,0
850,PI,0,0,0
850,PJM,0,0,0
850,REQ,1,0,0
850,SWE,2,0,0
850,TES,3,1,1
852,ACQ,1,1,0
852,LEA,3,1,0
852,PER,1,0,0
852,PI,1,0,0
852,PJM,1,0,0
852,REQ,3,1,0
852,SWE,3,1,0
852,TES,2,0,0
855,ACQ,0,0,0
855,LEA,0,0,0
855,PER,0,0,0
855,PI,0,0,0
855,PJM,0,0,0
855,REQ,1,0,0
855,SWE,2,0,0
855,TES,2,0,0
856,ACQ,0,0,0
856,LEA,0,0,0
856,PER,0,0,0
856,PI,0,0,0
856,PJM,0,0,0
856,REQ,0,0,0
856,SWE,2,0,0
856,TES,0,0,0
857,ACQ,1,0,0
857,LEA,3,1,1
857,PER,1,0,0
857,PI,1,0,0
857,PJM,2,1,1
857,REQ,3,1,0
857,SWE,4,1,1
857,TES,3,0,0
858,ACQ,0,0,0
858,LEA,1,0,1
858,PER,0,0,0
858,PI,0,0,0
858,PJM,1,0,1
858,REQ,2,0,0
858,SWE,3,1,1
858,TES,1,0,0
859,ACQ,1,0,0
859,LEA,2,1,1
859,PER,1,0,0
859,PI,2,1,1
859,PJM,2,1,1
859,REQ,1,0,1
859,SWE,2,0,1
859,TES,2,1,1
860,ACQ,0,0,0
860,LEA,1,0,0
860,PER,0,0,0
860,PI,1,0,0
860,PJM,2,1,1
860,REQ,1,1,1
860,SWE,2,0,0
860,TES,2,0,0
861,ACQ,2,0,0
861,LEA,2,0,0
861,PER,2,0,0
861,PI,3,1,0
861,PJM,3,1,1
861,REQ,3,1,1
861,SWE,0,0,0
861,TES,2,1,0
862,ACQ,0,0,0
862,LEA,0,0,0
862,PER,0,0,0
862,PI,0,0,0
862,PJM,0,0,0
862,REQ,0,0,0
862,SWE,2,1,1
862,TES,1,0,0
863,ACQ,0,0,0
863,LEA,1,1,0
863,PER,0,0,0
863,PI,1,1,0
863,PJM,0,0,0
863,REQ,3,1,0
863,SWE,4,1,0
863,TES,2,0,0
864,ACQ,0,0,0
864,LEA,0,0,0
864,PER,0,0,0
864,PI,0,0,0
864,PJM,1,0,0
864,REQ,2,0,0
864,SWE,2,0,0
864,TES,1,0,0
865,ACQ,0,0,0
865,LEA,1,0,0
865,PER,0,0,0
865,PI,0,0,0
865,PJM,1,0,0
865,REQ,1,0,0
865,SWE,2,0,0
865,TES,1,0,0
866,ACQ,0,0,0
866,LEA,1,1,1
866,PER,0,0,0
866,PI,0,0,0
866,PJM,1,1,1
866,REQ,1,1,1
866,SWE,1,0,0
866,TES,3,1,1
870,ACQ,0,0,0
870,LEA,0,0,0
870,PER,0,0,0
870,PI,1,0,0
870,PJM,2,0,0
870,REQ,0,0,0
870,SWE,3,0,0
870,TES,1,0,0
874,ACQ,0,0,0
874,LEA,0,0,0
874,PER,1,0,0
874,PI,1,0,0
874,PJM,0,0,0
874,REQ,2,0,0
874,SWE,3,1,1
874,TES,1,0,0
875,ACQ,0,0,1
875,LEA,1,0,1
875,PER,1,0,1
875,PI,2,1,1
875,PJM,3,1,1
875,REQ,1,1,1
875,SWE,1,0,1
875,TES,1,0,1
876,ACQ,0,0,0
876,LEA,1,0,0
876,PER,0,0,0
876,PI,1,0,0
876,PJM,1,1,0
876,REQ,1,0,0
876,SWE,2,1,0
876,TES,2,1,1
877,ACQ,0,0,0
877,LEA,2,0,0
877,PER,2,0,0
877,PI,1,0,0
877,PJM,2,0,0
877,REQ,1,0,0
877,SWE,4,0,0
877,TES,3,0,0
878,ACQ,2,1,0
878,LEA,3,1,0
878,PER,0,0,0
878,PI,2,1,0
878,PJM,4,1,0
878,REQ,4,1,0
878,SWE,2,0,0
878,TES,1,0,0
883,ACQ,0,0,0
883,LEA,0,0,0
883,PER,0,0,0
883,PI,0,0,0
883,PJM,0,0,0
883,REQ,0,0,0
883,SWE,2,0,0
883,TES,3,1,1
884,ACQ,0,0,0
884,LEA,2,0,0
884,PER,0,0,0
884,PI,0,0,0
884,PJM,0,0,0
884,REQ,1,0,0
884,SWE,3,1,1
884,TES,1,0,0
885,ACQ,1,0,0
885,LEA,2,0,0
885,PER,1,0,0
885,PI,1,0,0
885,PJM,2,1,1
885,REQ,1,0,0
885,SWE,3,1,1
885,TES,1,0,0
886,ACQ,0,0,0
886,LEA,0,0,0
886,PER,0,0,0
886,PI,0,0,0
886,PJM,0,0,0
886,REQ,0,0,0
886,SWE,3,1,0
886,TES,0,0,0
887,ACQ,0,0,0
887,LEA,0,0,0
887,PER,0,0,0
887,PI,0,0,0
887,PJM,0,0,0
887,REQ,2,0,0
887,SWE,0,0,0
887,TES,0,0,0
889,ACQ,0,0,0
889,LEA,0,0,0
889,PER,0,0,0
889,PI,0,0,0
889,PJM,0,0,0
889,REQ,1,0,0
889,SWE,2,0,0
889,TES,1,0,0
890,ACQ,0,0,0
890,LEA,1,0,0
890,PER,1,0,0
890,PI,1,0,0
890,PJM,1,0,0
890,REQ,1,0,0
890,SWE,3,1,1
890,TES,2,0,0
891,ACQ,0,0,0
891,LEA,1,1,0
891,PER,1,0,0
891,PI,1,0,0
891,PJM,1,1,0
891,REQ,1,0,0
891,SWE,4,1,1
891,TES,2,1,1
897,ACQ,0,0,0
897,LEA,0,0,0
897,PER,0,0,0
897,PI,0,0,0
897,PJM,0,0,0
897,REQ,1,0,0
897,SWE,3,1,1
897,TES,1,0,0
899,ACQ,2,0,0
899,LEA,3,1,0
899,PER,3,1,0
899,PI,3,0,1
899,PJM,2,0,0
899,REQ,1,0,0
899,SWE,3,1,1
899,TES,1,0,0
902,ACQ,0,0,0
902,LEA,0,0,0
902,PER,1,0,0
902,PI,1,0,0
902,PJM,0,0,0
902,REQ,2,0,0
902,SWE,3,1,1
902,TES,1,0,0
907,ACQ,0,0,0
907,LEA,1,0,0
907,PER,0,0,0
907,PI,0,0,0
907,PJM,0,0,0
907,REQ,1,0,0
907,SWE,3,1,1
907,TES,1,0,0
908,ACQ,1,0,0
908,LEA,2,0,0
908,PER,1,0,0
908,PI,1,0,0
908,PJM,2,0,0
908,REQ,2,0,0
908,SWE,4,1,1
908,TES,2,0,0
910,ACQ,0,0,0
910,LEA,0,0,0
910,PER,0,0,0
910,PI,0,0,0
910,PJM,1,0,0
910,REQ,1,0,0
910,SWE,0,0,0
910,TES,2,0,0
914,ACQ,0,0,1
914,LEA,0,0,0
914,PER,0,0,0
914,PI,0,0,0
914,PJM,0,0,0
914,REQ,0,0,0
914,SWE,0,1,0
914,TES,0,0,1
919,ACQ,4,1,1
919,LEA,4,1,1
919,PER,4,1,0
919,PI,4,0,0
919,PJM,4,1,0
919,REQ,3,0,0
919,SWE,2,0,0
919,TES,2,0,0
922,ACQ,0,0,0
922,LEA,2,0,0
922,PER,1,0,0
922,PI,1,0,0
922,PJM,2,1,0
922,REQ,2,0,0
922,SWE,4,1,1
922,TES,2,0,0
932,ACQ,0,0,0
932,LEA,2,1,0
932,PER,0,0,0
932,PI,1,1,0
932,PJM,1,0,0
932,REQ,2,0,0
932,SWE,4,1,1
932,TES,2,0,0
935,ACQ,0,0,0
935,LEA,2,0,0
935,PER,0,0,0
935,PI,1,0,0
935,PJM,3,1,0
935,REQ,3,0,0
935,SWE,3,1,1
935,TES,3,0,0
937,ACQ,0,0,0
937,LEA,0,0,0
937,PER,0,0,0
937,PI,1,0,0
937,PJM,1,0,0
937,REQ,2,1,0
937,SWE,3,1,0
937,TES,2,0,0
938,ACQ,0,0,0
938,LEA,1,0,0
938,PER,1,0,0
938,PI,0,0,0
938,PJM,1,0,0
938,REQ,2,0,0
938,SWE,1,0,0
938,TES,3,0,0
939,ACQ,0,0,0
939,LEA,0,0,0
939,PER,0,0,0
939,PI,0,0,0
939,PJM,0,0,0
939,REQ,1,0,0
939,SWE,3,1,0
939,TES,1,0,0
941,ACQ,0,0,0
941,LEA,2,1,0
941,PER,2,1,0
941,PI,1,0,0
941,PJM,0,0,0
941,REQ,2,0,0
941,SWE,3,1,0
941,TES,2,0,0
942,ACQ,0,0,0
942,LEA,0,0,0
942,PER,0,0,0
942,PI,1,0,0
942,PJM,1,0,0
942,REQ,3,1,0
942,SWE,3,1,0
942,TES,2,0,0
943,ACQ,0,0,0
943,LEA,1,1,0
943,PER,0,0,0
943,PI,0,0,0
943,PJM,1,1,0
943,REQ,1,1,0
943,SWE,2,1,1
943,TES,2,0,0
946,ACQ,1,1,0
946,LEA,2,1,1
946,PER,2,1,0
946,PI,3,1,1
946,PJM,3,1,1
946,REQ,0,0,0
946,SWE,0,0,0
946,TES,0,0,0
947,ACQ,0,0,0
947,LEA,0,0,0
947,PER,0,0,0
947,PI,0,0,0
947,PJM,0,0,0
947,REQ,2,0,0
947,SWE,2,1,0
947,TES,3,1,0
948,ACQ,0,0,0
948,LEA,0,0,0
948,PER,1,0,0
948,PI,0,0,0
948,PJM,1,1,0
948,REQ,1,1,0
948,SWE,3,1,1
948,TES,1,0,0
949,ACQ,1,0,0
949,LEA,1,0,0
949,PER,2,0,1
949,PI,1,0,0
949,PJM,2,0,1
949,REQ,1,0,0
949,SWE,0,0,0
949,TES,0,0,0
952,ACQ,1,0,0
952,LEA,2,0,0
952,PER,0,0,0
952,PI,1,1,0
952,PJM,1,0,0
952,REQ,1,0,0
952,SWE,2,1,1
952,TES,1,0,0
953,ACQ,2,0,0
953,LEA,3,0,0
953,PER,2,0,0
953,PI,4,1,0
953,PJM,2,1,0
953,REQ,1,0,0
953,SWE,1,0,0
953,TES,4,1,0
957,ACQ,0,0,0
957,LEA,1,0,0
957,PER,0,0,0
957,PI,0,0,0
957,PJM,2,1,0
957,REQ,2,1,0
957,SWE,0,0,0
957,TES,1,0,0
960,ACQ,0,0,0
960,LEA,2,0,0
960,PER,0,0,0
960,PI,0,0,0
960,PJM,2,0,0
960,REQ,2,1,0
960,SWE,3,1,0
960,TES,2,0,0
961,ACQ,1,0,1
961,LEA,1,1,1
961,PER,2,0,1
961,PI,3,1,1
961,PJM,2,1,1
961,REQ,0,0,0
961,SWE,0,0,0
961,TES,0,0,0
963,ACQ,0,0,0
963,LEA,0,0,0
963,PER,0,0,0
963,PI,0,0,0
963,PJM,0,0,0
963,REQ,0,0,0
963,SWE,1,0,0
963,TES,3,1,0
964,ACQ,1,0,0
964,LEA,2,0,0
964,PER,1,0,0
964,PI,2,0,0
964,PJM,1,0,0
964,REQ,1,0,0
964,SWE,2,0,0
964,TES,2,0,0
965,ACQ,1,0,0
965,LEA,2,0,0
965,PER,1,0,0
965,PI,1,0,0
965,PJM,3,1,1
965,REQ,2,0,0
965,SWE,1,0,0
965,TES,1,0,0
966,ACQ,0,0,0
966,LEA,0,0,0
966,PER,0,0,0
966,PI,2,0,0
966,PJM,1,0,0
966,REQ,2,0,0
966,SWE,4,1,1
966,TES,4,1,0
968,ACQ,0,0,0
968,LEA,0,0,0
968,PER,0,0,0
968,PI,0,0,0
968,PJM,0,0,0
968,REQ,0,0,0
968,SWE,1,1,1
968,TES,1,0,0
969,ACQ,1,0,0
969,LEA,2,1,1
969,PER,2,0,0
969,PI,1,0,0
969,PJM,2,1,1
969,REQ,3,1,1
969,SWE,4,1,1
969,TES,1,0,0
970,ACQ,4,1,0
970,LEA,3,0,0
970,PER,3,0,0
970,PI,3,0,0
970,PJM,3,0,0
970,REQ,4,0,0
970,SWE,4,1,1
970,TES,4,0,0
971,ACQ,1,0,0
971,LEA,1,0,0
971,PER,2,0,0
971,PI,2,1,0
971,PJM,1,0,0
971,REQ,1,0,0
971,SWE,3,0,1
971,TES,2,0,0
976,ACQ,2,0,0
976,LEA,2,0,0
976,PER,2,0,0
976,PI,2,1,1
976,PJM,3,1,1
976,REQ,2,1,1
976,SWE,1,0,0
976,TES,2,0,0
977,ACQ,0,0,0
977,LEA,0,0,0
977,PER,0,0,0
977,PI,0,0,0
977,PJM,0,0,0
977,REQ,1,0,0
977,SWE,3,1,1
977,TES,1,0,0
978,ACQ,0,0,0
978,LEA,0,0,0
978,PER,0,0,0
978,PI,0,0,0
978,PJM,0,0,0
978,REQ,1,0,0
978,SWE,1,0,0
978,TES,2,0,0
979,ACQ,0,0,0
979,LEA,2,0,0
979,PER,0,0,0
979,PI,2,0,0
979,PJM,1,0,0
979,REQ,3,0,0
979,SWE,1,0,0
979,TES,3,0,0
980,ACQ,0,0,0
980,LEA,0,0,0
980,PER,1,0,0
980,PI,0,0,0
980,PJM,0,0,0
980,REQ,2,0,0
980,SWE,3,1,1
980,TES,3,1,1
983,ACQ,1,0,0
983,LEA,2,0,0
983,PER,1,0,0
983,PI,1,0,0
983,PJM,2,0,0
983,REQ,3,1,1
983,SWE,0,0,0
983,TES,0,0,0
984,ACQ,0,0,0
984,LEA,3,0,0
984,PER,0,0,0
984,PI,2,0,0
984,PJM,4,1,1
984,REQ,3,1,1
984,SWE,2,0,0
984,TES,2,0,0
985,ACQ,0,0,0
985,LEA,0,0,0
985,PER,0,0,0
985,PI,0,0,0
985,PJM,1,1,1
985,REQ,0,0,0
985,SWE,3,1,1
985,TES,2,0,0
989,ACQ,0,0,0
989,LEA,1,1,0
989,PER,0,0,0
989,PI,1,0,0
989,PJM,0,0,0
989,REQ,1,1,0
989,SWE,1,0,0
989,TES,0,0,0
990,ACQ,1,0,0
990,LEA,3,1,0
990,PER,3,1,1
990,PI,2,0,0
990,PJM,3,0,0
990,REQ,2,0,0
990,SWE,2,0,0
990,TES,3,1,1
992,ACQ,0,0,0
992,LEA,0,0,0
992,PER,2,0,0
992,PI,1,0,0
992,PJM,0,0,0
992,REQ,2,1,0
992,SWE,3,1,0
992,TES,2,0,0
993,ACQ,0,0,0
993,LEA,0,0,0
993,PER,1,1,0
993,PI,0,0,0
993,PJM,0,0,0
993,REQ,1,1,0
993,SWE,0,0,0
993,TES,1,1,0
994,ACQ,1,1,0
994,LEA,3,1,0
994,PER,1,0,0
994,PI,2,1,1
994,PJM,4,1,1
994,REQ,3,0,0
994,SWE,4,0,0
994,TES,2,0,0
999,ACQ,0,0,0
999,LEA,0,0,0
999,PER,0,0,0
999,PI,0,0,0
999,PJM,1,0,0
999,REQ,2,1,1
999,SWE,0,0,0
999,TES,1,0,0
1000,ACQ,0,0,0
1000,LEA,0,0,0
1000,PER,0,0,0
1000,PI,0,0,0
1000,PJM,0,0,0
1000,REQ,0,0,0
1000,SWE,1,0,0
1000,TES,0,0,0
1001,ACQ,0,0,0
1001,LEA,1,1,1
1001,PER,0,0,0
1001,PI,0,0,0
1001,PJM,1,1,1
1001,REQ,0,0,0
1001,SWE,3,1,1
1001,TES,2,1,0
1002,ACQ,1,0,0
1002,LEA,0,0,0
1002,PER,0,0,0
1002,PI,0,0,0
1002,PJM,1,0,0
1002,REQ,0,0,0
1002,SWE,2,1,0
1002,TES,0,0,0
1005,ACQ,1,0,0
1005,LEA,1,1,1
1005,PER,1,0,0
1005,PI,1,0,0
1005,PJM,2,1,1
1005,REQ,2,1,1
1005,SWE,3,1,1
1005,TES,2,0,0
1006,ACQ,0,0,0
1006,LEA,1,0,0
1006,PER,0,0,0
1006,PI,0,0,0
1006,PJM,1,0,0
1006,REQ,0,0,0
1006,SWE,1,0,0
1006,TES,0,0,0
1008,ACQ,0,0,0
1008,LEA,1,0,0
1008,PER,1,0,0
1008,PI,0,0,0
1008,PJM,1,0,0
1008,REQ,1,0,0
1008,SWE,1,1,1
1008,TES,1,0,0
1012,ACQ,1,0,0
1012,LEA,2,0,0
1012,PER,3,0,0
1012,PI,3,0,1
1012,PJM,3,0,0
1012,REQ,2,0,0
1012,SWE,3,0,1
1012,TES,4,1,1
1015,ACQ,0,0,0
1015,LEA,1,0,0
1015,PER,1,0,0
1015,PI,1,0,0
1015,PJM,1,1,0
1015,REQ,3,0,0
1015,SWE,3,0,0
1015,TES,2,0,1
1016,ACQ,0,0,0
1016,LEA,2,0,0
1016,PER,0,0,0
1016,PI,0,0,0
1016,PJM,0,0,0
1016,REQ,3,0,0
1016,SWE,4,0,0
1016,TES,0,0,0
1017,ACQ,0,0,0
1017,LEA,2,0,0
1017,PER,3,0,0
1017,PI,1,0,1
1017,PJM,2,0,0
1017,REQ,2,0,0
1017,SWE,4,1,1
1017,TES,3,0,0
1018,ACQ,4,1,1
1018,LEA,3,0,0
1018,PER,2,0,0
1018,PI,2,1,1
1018,PJM,3,1,0
1018,REQ,1,0,0
1018,SWE,1,0,0
1018,TES,1,0,0
1019,ACQ,0,0,0
1019,LEA,0,0,0
1019,PER,0,0,0
1019,PI,0,0,0
1019,PJM,0,0,0
1019,REQ,0,0,0
1019,SWE,3,1,1
1019,TES,0,0,0
1021,ACQ,2,0,0
1021,LEA,3,0,0
1021,PER,2,0,0
1021,PI,3,0,0
1021,PJM,3,0,0
1021,REQ,3,0,0
1021,SWE,3,0,0
1021,TES,2,0,0
1023,ACQ,1,0,0
1023,LEA,1,0,0
1023,PER,0,0,0
1023,PI,2,0,0
1023,PJM,2,1,0
1023,REQ,2,1,1
1023,SWE,2,0,0
1023,TES,2,0,0
1024,ACQ,0,0,0
1024,LEA,2,0,0
1024,PER,0,0,0
1024,PI,0,0,0
1024,PJM,3,1,0
1024,REQ,2,1,0
1024,SWE,1,0,0
1024,TES,2,0,0
1026,ACQ,0,0,0
1026,LEA,0,0,0
1026,PER,0,0,0
1026,PI,0,0,0
1026,PJM,0,0,0
1026,REQ,1,0,0
1026,SWE,3,0,0
1026,TES,2,0,0
1027,ACQ,1,1,0
1027,LEA,3,0,0
1027,PER,3,0,0
1027,PI,1,0,0
1027,PJM,3,1,0
1027,REQ,2,0,0
1027,SWE,0,0,0
1027,TES,2,0,0
1029,ACQ,0,0,0
1029,LEA,1,0,0
1029,PER,0,0,0
1029,PI,0,0,0
1029,PJM,2,0,0
1029,REQ,2,0,0
1029,SWE,3,1,1
1029,TES,3,0,0
1030,ACQ,0,0,0
1030,LEA,0,0,0
1030,PER,0,0,0
1030,PI,0,0,0
1030,PJM,0,0,0
1030,REQ,0,0,0
1030,SWE,2,0,1
1030,TES,0,0,0
1033,ACQ,0,0,0
1033,LEA,1,0,0
1033,PER,0,0,0
1033,PI,2,0,0
1033,PJM,1,0,0
1033,REQ,2,1,0
1033,SWE,2,0,0
1033,TES,2,0,1
1036,ACQ,0,0,0
1036,LEA,0,0,0
1036,PER,0,0,0
1036,PI,1,0,0
1036,PJM,1,0,0
1036,REQ,1,0,1
1036,SWE,3,1,0
1036,TES,1,0,0
1037,ACQ,2,1,1
1037,LEA,3,1,1
1037,PER,0,0,0
1037,PI,3,1,0
1037,PJM,4,1,1
1037,REQ,2,0,0
1037,SWE,3,0,0
1037,TES,1,0,0
1044,ACQ,0,0,0
1044,LEA,0,0,0
1044,PER,0,0,0
1044,PI,0,0,0
1044,PJM,0,0,0
1044,REQ,2,1,1
1044,SWE,3,0,0
1044,TES,2,0,0
1046,ACQ,0,0,0
1046,LEA,0,0,0
1046,PER,0,0,0
1046,PI,0,0,0
1046,PJM,0,0,0
1046,REQ,0,0,0
1046,SWE,3,0,0
1046,TES,0,0,0
1047,ACQ,3,0,0
1047,LEA,2,0,0
1047,PER,0,0,0
1047,PI,1,0,0
1047,PJM,3,0,0
1047,REQ,3,1,1
1047,SWE,4,1,1
1047,TES,0,0,0
1050,ACQ,0,0,0
1050,LEA,0,0,0
1050,PER,0,0,0
1050,PI,0,0,0
1050,PJM,1,1,0
1050,REQ,1,0,0
1050,SWE,3,1,1
1050,TES,2,0,0
1051,ACQ,2,0,0
1051,LEA,2,0,0
1051,PER,3,0,0
1051,PI,3,0,0
1051,PJM,2,0,0
1051,REQ,3,0,0
1051,SWE,3,0,0
1051,TES,3,0,0
1052,ACQ,0,0,0
1052,LEA,0,0,0
1052,PER,0,0,0
1052,PI,0,0,0
1052,PJM,0,0,0
1052,REQ,0,0,0
1052,SWE,0,0,0
1052,TES,1,0,0
1053,ACQ,0,0,0
1053,LEA,0,0,0
1053,PER,0,0,0
1053,PI,0,0,0
1053,PJM,2,0,0
1053,REQ,2,0,0
1053,SWE,3,1,1
1053,TES,2,0,0
1055,ACQ,0,0,0
1055,LEA,0,0,0
1055,PER,0,0,0
1055,PI,1,0,0
1055,PJM,1,0,1
1055,REQ,3,1,0
1055,SWE,1,0,0
1055,TES,3,0,0
1057,ACQ,0,0,0
1057,LEA,1,0,0
1057,PER,2,0,0
1057,PI,0,0,0
1057,PJM,1,1,0
1057,REQ,2,0,0
1057,SWE,4,1,1
1057,TES,3,0,0
1058,ACQ,1,0,0
1058,LEA,0,0,0
1058,PER,2,0,1
1058,PI,1,0,1
1058,PJM,0,0,0
1058,REQ,1,0,0
1058,SWE,2,1,1
1058,TES,1,0,1
1059,ACQ,0,0,0
1059,LEA,0,0,0
1059,PER,0,0,0
1059,PI,0,0,0
1059,PJM,0,0,0
1059,REQ,0,0,0
1059,SWE,3,0,0
1059,TES,1,0,0
1060,ACQ,0,0,0
1060,LEA,0,0,0
1060,PER,0,0,0
1060,PI,0,0,0
1060,PJM,1,0,0
1060,REQ,1,0,0
1060,SWE,3,0,0
1060,TES,3,0,0
1061,ACQ,0,0,0
1061,LEA,0,0,0
1061,PER,0,0,0
1061,PI,0,0,0
1061,PJM,1,0,0
1061,REQ,1,0,0
1061,SWE,3,0,1
1061,TES,2,0,0
1062,ACQ,0,0,0
1062,LEA,0,0,0
1062,PER,0,0,0
1062,PI,0,0,0
1062,PJM,0,0,0
1062,REQ,1,0,0
1062,SWE,2,0,0
1062,TES,1,0,0
1063,ACQ,0,0,0
1063,LEA,0,0,0
1063,PER,0,0,0
1063,PI,1,0,0
1063,PJM,1,0,0
1063,REQ,3,1,1
1063,SWE,1,0,0
1063,TES,2,0,0
1065,ACQ,0,0,0
1065,LEA,2,0,0
1065,PER,2,0,0
1065,PI,1,0,0
1065,PJM,3,1,0
1065,REQ,3,1,1
1065,SWE,0,0,0
1065,TES,1,0,0
1069,ACQ,0,0,0
1069,LEA,2,1,0
1069,PER,0,0,0
1069,PI,2,0,0
1069,PJM,2,0,0
1069,REQ,3,1,0
1069,SWE,4,1,0
1069,TES,2,0,0
1070,ACQ,1,0,0
1070,LEA,1,0,0
1070,PER,1,0,0
1070,PI,2,0,0
1070,PJM,3,0,0
1070,REQ,2,0,0
1070,SWE,2,0,0
1070,TES,3,1,1
1071,ACQ,0,0,0
1071,LEA,0,0,0
1071,PER,0,0,0
1071,PI,0,0,0
1071,PJM,0,0,0
1071,REQ,0,0,0
1071,SWE,1,1,1
1071,TES,0,0,0
1072,ACQ,0,0,0
1072,LEA,1,0,0
1072,PER,3,1,1
1072,PI,3,1,1
1072,PJM,2,1,1
1072,REQ,1,0,0
1072,SWE,2,1,1
1072,TES,1,0,0
1078,ACQ,0,0,0
1078,LEA,0,0,0
1078,PER,0,0,0
1078,PI,1,0,0
1078,PJM,1,0,0
1078,REQ,1,0,0
1078,SWE,1,0,0
1078,TES,3,1,1
1080,ACQ,0,0,0
1080,LEA,2,1,0
1080,PER,0,0,0
1080,PI,0,0,0
1080,PJM,1,0,1
1080,REQ,1,1,0
1080,SWE,3,1,0
1080,TES,1,1,0
1081,ACQ,0,0,0
1081,LEA,3,0,0
1081,PER,0,0,0
1081,PI,4,1,0
1081,PJM,4,1,0
1081,REQ,3,0,0
1081,SWE,0,0,0
1081,TES,0,0,0
1082,ACQ,0,0,0
1082,LEA,2,0,0
1082,PER,2,0,0
1082,PI,1,0,0
1082,PJM,2,0,0
1082,REQ,3,1,0
1082,SWE,2,0,0
1082,TES,2,0,0
1086,ACQ,2,0,0
1086,LEA,3,0,0
1086,PER,2,0,0
1086,PI,3,0,0
1086,PJM,2,0,0
1086,REQ,1,0,0
1086,SWE,1,1,1
1086,TES,1,0,0
1087,ACQ,0,0,0
1087,LEA,1,0,0
1087,PER,1,0,0
1087,PI,1,0,0
1087,PJM,1,0,0
1087,REQ,3,1,1
1087,SWE,3,1,1
1087,TES,2,1,1
1088,ACQ,0,0,0
1088,LEA,3,1,1
1088,PER,2,0,0
1088,PI,3,0,0
1088,PJM,2,1,0
1088,REQ,1,0,0
1088,SWE,4,0,0
1088,TES,2,0,0
1089,ACQ,2,0,0
1089,LEA,2,0,0
1089,PER,1,0,0
1089,PI,2,1,0
1089,PJM,3,1,0
1089,REQ,3,0,0
1089,SWE,2,0,0
1089,TES,1,0,0
1092,ACQ,1,1,0
1092,LEA,0,0,0
1092,PER,1,0,1
1092,PI,1,0,0
1092,PJM,0,0,0
1092,REQ,1,0,0
1092,SWE,2,1,1
1092,TES,1,0,0
1101,ACQ,0,0,0
1101,LEA,0,0,0
1101,PER,0,0,0
1101,PI,2,0,0
1101,PJM,0,0,0
1101,REQ,0,0,0
1101,SWE,0,0,0
1101,TES,2,1,1
1106,ACQ,0,0,0
1106,LEA,0,0,0
1106,PER,0,0,0
1106,PI,0,0,0
1106,PJM,0,0,0
1106,REQ,1,0,0
1106,SWE,2,0,0
1106,TES,1,0,0
1113,ACQ,0,0,0
1113,LEA,3,1,0
1113,PER,0,0,0
1113,PI,3,1,0
1113,PJM,2,1,0
1113,REQ,0,0,0
1113,SWE,0,0,0
1113,TES,0,0,0
1121,ACQ,2,0,1
1121,LEA,3,1,1
1121,PER,3,1,0
1121,PI,2,1,0
1121,PJM,3,1,1
1121,REQ,1,0,0
1121,SWE,1,0,0
1121,TES,1,0,0
1123,ACQ,0,0,0
1123,LEA,2,0,0
1123,PER,3,0,0
1123,PI,2,1,0
1123,PJM,2,1,0
1123,REQ,3,1,0
1123,SWE,1,0,0
1123,TES,0,0,0
1127,ACQ,0,0,0
1127,LEA,2,0,0
1127,PER,2,0,0
1127,PI,2,0,0
1127,PJM,2,0,0
1127,REQ,2,0,0
1127,SWE,3,1,0
1127,TES,3,1,0
1128,ACQ,0,0,1
1128,LEA,2,0,1
1128,PER,2,0,0
1128,PI,2,0,0
1128,PJM,2,0,1
1128,REQ,3,0,0
1128,SWE,4,1,0
1128,TES,3,0,0
1130,ACQ,3,1,0
1130,LEA,4,1,0
1130,PER,3,0,0
1130,PI,3,0,0
1130,PJM,4,1,0
1130,REQ,3,0,0
1130,SWE,4,0,0
1130,TES,3,0,0
1139,ACQ,1,0,0
1139,LEA,2,0,0
1139,PER,1,0,0
1139,PI,2,0,0
1139,PJM,1,0,0
1139,REQ,2,0,0
1139,SWE,0,0,0
1139,TES,3,0,0
1140,ACQ,0,0,0
1140,LEA,0,0,0
1140,PER,0,0,0
1140,PI,0,0,0
1140,PJM,1,0,0
1140,REQ,0,0,0
1140,SWE,2,1,1
1140,TES,1,0,0
1147,ACQ,0,0,0
1147,LEA,0,0,0
1147,PER,0,0,0
1147,PI,0,0,0
1147,PJM,0,0,0
1147,REQ,1,0,0
1147,SWE,4,0,0
1147,TES,1,0,0
1149,ACQ,0,0,0
1149,LEA,0,0,0
1149,PER,0,0,0
1149,PI,0,0,0
1149,PJM,0,0,0
1149,REQ,2,0,0
1149,SWE,4,1,1
1149,TES,2,0,0
1150,ACQ,0,0,0
1150,LEA,2,0,0
1150,PER,1,0,0
1150,PI,0,0,0
1150,PJM,1,0,0
1150,REQ,1,0,0
1150,SWE,3,1,0
1150,TES,2,0,0
